id,Address,Response_Address,Response_X,Response_Y
40001,台北市中正區市民大道一段100號B1樓79-01號,臺北市中正區黎明里3鄰市民大道一段100號,121.517480,25.048445
40002,台中市北區三民路三段161號B棟7樓,臺中市北區新北里3鄰三民路三段166之10號,120.685433,24.152052
40003,高雄市左營區博愛二路777號6樓,高雄市左營區新下里29鄰博愛二路777號,120.303118,22.670155
40004,台北市中正區市民大道一段100號B1樓台北地下街39號,臺北市中正區黎明里3鄰市民大道一段100號,121.517480,25.048445
40005,台南市中西區中山路162號8樓,臺南市中西區城隍里2鄰中山路162號,120.209898,22.995462
40006,台南市中西區中山路166號5樓,臺南市中西區城隍里1鄰中山路166號,120.210167,22.995629
40007,台北市中山區敬業三路22號4樓,臺北市中山區金泰里14鄰敬業三路22號,121.557967,25.082820
40008,高雄市前鎮區三多三路213號8樓,高雄市前鎮區盛興里6鄰三多三路213號,120.306648,22.614449
40009,台中市西屯區台灣大道三段301號6樓,臺中市西屯區惠來里13鄰臺灣大道三段301號,120.643224,24.164663
40010,台北市大同區塔城街10號北門站3號販賣店,臺北市大同區玉泉里12鄰塔城街10號,121.509922,25.049109
40011,台南市中西區西門路一段658號3樓,臺南市中西區小西門里15鄰西門路一段658號,120.198867,22.986730
40012,台中市北區文心路四段556號,臺中市北區賴興里22鄰文心路四段238號,120.678914,24.172761
40013,新竹市東區西大路323號6樓,新竹市東區南市里16鄰西大路323號,120.965211,24.802185
40014,屏東縣屏東市擇仁里公勇路62號,屏東縣屏東市建國里6鄰公勇路62號,120.486352,22.668710
40015,高雄市前鎮區中山四路100號大魯閣草衙道2樓2B25櫃,高雄市前鎮區興邦里7鄰中山四路801號,120.316475,22.594631
40016,嘉義市東區忠孝路576&578號,嘉義市東區荖藤里12鄰忠孝路830號,120.441924,23.518007
40017,桃園市中壢區實踐路81號1樓,桃園市中壢區普仁里24鄰實踐路81號,121.241440,24.954667
40018,台北市中正區市民大道三段2號6樓,臺北市中正區梅花里14鄰市民大道三段2號,121.531021,25.045632
40019,台北市大安區大安路一段77號B1樓東區地下街17-3號櫃,臺北市大安區光武里3鄰大安路一段77號,121.546315,25.041916
40020,台北市信義區松山路141號一樓,臺北市信義區永吉里4鄰松山路141號,121.577958,25.046894
40021,高雄市左營區高鐵路123號5樓,高雄市左營區菜公里29鄰高鐵路123號,120.310917,22.689557
40022,雲林縣斗六市西平路159號 & 159-1號 1樓,雲林縣斗六市三平里8鄰西平路159號,120.535585,23.711641
40023,雲林縣斗六市西平路159號,雲林縣斗六市三平里8鄰西平路159號,120.535585,23.711641
40024,新北市土城區中央路二段61巷11號,新北市土城區員林里23鄰中央路二段61巷11號,121.443607,24.978814
40025,嘉義市西區文化路299號2樓,嘉義市西區國華里10鄰文化路299號,120.448044,23.485205
40026,台北市中正區忠孝西路一段50號1樓A02櫃,臺北市中正區黎明里11鄰忠孝西路一段50號,121.515823,25.046303
40027,新竹縣竹北市復興三路二段168號3樓,,121.0361215,24.8076294
40028,新北市板橋區文化路一段360號B1樓,新北市板橋區華江里27鄰文化路一段360號,121.468655,25.023422
40029,桃園市中壢區中園路二段501號4樓,桃園市中壢區內定里13鄰中園路二段501號,121.228735,25.000651
40030,台南市新營區復興路155之2號,臺南市新營區民榮里11鄰復興路155之2號,120.307558,23.302937
40031,花蓮縣花蓮市和平路449號,花蓮縣花蓮市主力里10鄰和平路449號,121.601924,23.975688
40032,台北市內湖區康寧路三段74號1樓,臺北市內湖區南湖里5鄰康寧路三段74號,121.611453,25.070060
40033,桃園市桃園區中正路61號4樓,桃園市桃園區文化里3鄰中正路61號,121.312523,24.991112
40034,桃園市蘆竹區南崁路一段112號4樓24櫃,桃園市蘆竹區錦中里2鄰南崁路一段112號,121.288383,25.053471
40035,宜蘭縣羅東鎮興東路242-1及244號,宜蘭縣羅東鎮信義里12鄰興東路244號,121.770223,24.683055
40036,新北市中和區中山路三段122號 ( 櫃位編號:331 ),新北市中和區員山里22鄰中山路三段122號,121.475689,25.006077
40037,台北市信義區松高路11號5樓,臺北市信義區興雅里2鄰松高路11號,121.565242,25.039515
40038,台北市中正區忠孝西路一段66號8樓,臺北市中正區黎明里11鄰忠孝西路一段66號,121.515302,25.046226
40039,新北市板橋區中山路一段152號8樓,新北市板橋區深丘里1鄰中山路一段152號,121.464344,25.011113
40040,新北市林口區文化三路一段356號2樓,新北市林口區南勢里22鄰文化三路一段356號,121.363547,25.071241
40041,台北市中山區南京西路12號6樓,臺北市中山區民安里9鄰南京西路12號,121.521244,25.052326
40042,台北市信義區松高路12號5樓,臺北市信義區西村里8鄰松高路12號,121.566800,25.038813
40043,台北市南港區忠孝東路七段371號B1樓A棟,臺北市南港區中南里19鄰忠孝東路七段371號,121.607496,25.052571
40044,台中市梧棲區台灣大道十段168號 (櫃號 : 30300),臺中市梧棲區安仁里9鄰臺灣大道十段168號,120.518158,24.257090
40045,台北市士林區天母東路68號6樓,臺北市士林區天福里7鄰天母東路68號,121.533979,25.117913
40046,台中市后里區福容路201號2樓(櫃號:2106-A),臺中市后里區月眉里11鄰福容路201號,120.697968,24.323768
40047,台北市中山區敬業三路123號8樓之5,臺北市中山區成功里21鄰敬業三路123號,121.555539,25.081795
40048,台北市南港區經貿二路186-1號C棟1樓,臺北市南港區三重里13鄰經貿二路186之1號,121.614969,25.058743
40049,桃園市桃園區大有路189號5樓,桃園市桃園區三元里17鄰大有路189號,121.320108,25.008075
40050,桃園市桃園區春日路618-1號B1樓,桃園市桃園區大業里6鄰春日路618之1號,121.311663,25.008731
40051,新北市新莊區幸福路763號3樓,新北市新莊區中港里22鄰幸福路763號,121.447974,25.049056
40052,新北市新店區中央路159號1樓104櫃,新北市新店區福民里10鄰中央路159號,121.531244,24.972216
40053,高雄市三民區澄清路339號1樓,高雄市三民區寶華里16鄰澄清路339號,120.344604,22.637839
40054,桃園市蘆竹區中正路1號5樓,桃園市蘆竹區南榮里3鄰中正路1號,121.295283,25.040673
40055,屏東縣潮州鎮信義路111號1樓,屏東縣潮州鎮新榮里12鄰信義路111號,120.536447,22.550069
40056,台北市松山區復興南路一段39號6樓(微風廣場 6F),臺北市松山區中崙里2鄰復興南路一段39號,121.544126,25.046129
40057,台中市西屯區中港路2段111號8樓(新光三越台中中港店8樓),找不到指定的門牌地址。,,
40058,台北市士林區中山北路六段77號7樓,臺北市士林區德行里5鄰中山北路六段77號,121.524278,25.105007
40059,台北市大同區承德路一段1號3樓 (京站時尚廣場 3F),臺北市大同區建明里19鄰承德路一段1號,121.516784,25.049090
40060,台北市大安區忠孝東路三段300號8樓 (SOGO 復興館 8F),臺北市大安區義村里7鄰忠孝東路三段300號,121.543057,25.041212
40061,高雄市左營區博愛二路777號B1(漢神巨蛋時尚廣場B1),高雄市左營區新下里29鄰博愛二路777號,120.303118,22.670155
40062,桃園縣中壢市元化路357號7樓(SOGO中壢元化館7樓),桃園市中壢區金華里2鄰元化路357號,121.223533,24.962685
40063,台中市西屯區台中港路二段105號9樓(台中大遠百購物中心 9F),,120.6438998,24.1646067
40064,台中市西區台灣大道二段459號B1,臺中市西區忠明里1鄰臺灣大道二段459號,120.661778,24.155266
40065,新北市板橋區新站路28號7樓,新北市板橋區福丘里14鄰新站路28號,121.466627,25.013622
40066,台北市中山區敬業三路20號3樓,臺北市中山區金泰里14鄰敬業三路20號,121.556712,25.082926
40067,台北市大同區鄭州路139號B1,臺北市大同區玉泉里9鄰鄭州路139號,121.510087,25.050453
40068,台北市中正區市民大道三段2號6F,臺北市中正區梅花里14鄰市民大道三段2號,121.531021,25.045632
40069,台北市信義區松高路12號5F,臺北市信義區西村里8鄰松高路12號,121.566800,25.038813
40070,台北市大安區忠孝東路四段45號10樓,臺北市大安區光武里27鄰忠孝東路四段45號,121.544883,25.041902
40071,台北市中正區中華路1段39號B1,臺北市中正區光復里12鄰中華路一段39號,121.509670,25.045337
40072,台中市北區三民路三段50-3號,臺中市北區新興里6鄰三民路三段50之4號,120.683235,24.147071
40073,桃園市中壢區中山路18號,桃園市中壢區中央里9鄰中山路18號,121.227960,24.955549
40074,桃園市桃園區民生路168號,桃園市桃園區武陵里1鄰民生路168號,121.313329,24.993266
40075,新竹市北區光華一街63號2樓,新竹市北區金華里24鄰光華一街62號,120.973333,24.817734
40076,基隆市中正區義二路12號1樓,基隆市中正區德義里6鄰義二路12號,121.745281,25.130648
40077,台北市萬華區武昌街二段7號(雜誌瘋西門店),臺北市萬華區萬壽里2鄰武昌街二段7號,121.508284,25.044488
40078,台中市中區自由路二段76號,臺中市中區公園里8鄰自由路二段76號,120.683573,24.141227
40079,台北市大同區長安西路145巷5號1樓,臺北市大同區建功里13鄰長安西路145巷5號,121.514987,25.051776
40080,台中市北區太平路53號,臺中市北區新興里21鄰太平路53號,120.684697,24.147680
40081,台中市南屯區南屯路2段130號1樓,臺中市南屯區大興里6鄰南屯路二段130號,120.651992,24.136199
40082,台中市北區太平路155-1號,臺中市北區大湖里12鄰太平路155之1號,120.681102,24.148938
40083,台中市西屯區青海路一段137號,,120.6505949,24.1653339
40084,台中市北區梅亭街17號,臺中市北區金龍里17鄰梅亭街17號,120.690825,24.160057
40085,台中市北區一中街8號,臺中市北區新興里3鄰一中街8號,120.684030,24.146650
40086,台南市南區大成路一段2號,臺南市南區明德里6鄰大成路一段2號,120.203253,22.975315
40087,高雄市楠梓區後昌路837號,高雄市楠梓區隆昌里28鄰後昌路837號,120.294754,22.711579
40088,高雄市鳳山區光華路41號,高雄市鳳山區興仁里16鄰光華路41號,120.354770,22.620135
40089,台南市中西區青年路208號,臺南市中西區城隍里21鄰青年路208號,120.210839,22.991529
40090,嘉義市東區延平街214號,嘉義市東區過溝里16鄰延平街214號,120.450790,23.476880
40091,台南市東區北門路一段68號,臺南市東區東門里1鄰北門路一段68號,120.211687,22.990902
40092,高雄市三民區建國二路171號,高雄市三民區港東里11鄰建國二路171號,120.307232,22.637371
40093,高雄市三民區建國三路79號1樓,高雄市三民區港西里8鄰建國三路79號,120.300337,22.637623
40094,台南市中西區中山路104號,臺南市中西區城隍里2鄰中山路104號,120.208931,22.994834
40095,高雄市新興區六合二路18號,高雄市新興區秋山里9鄰六合二路18號,120.301158,22.632939
40096,台北市文山區木柵路1段331-6號1樓,臺北市文山區華興里15鄰木柵路一段331之6號,121.557049,24.988713
40097,新北市板橋區南雅東路31-5號,新北市板橋區湳興里19鄰南雅東路31之5號,121.454213,25.005938
40098,新北市三重區中央北路26號2樓,新北市三重區錦通里15鄰中央北路26號,121.500800,25.064323
40099,台北市松山區饒河街133號,臺北市松山區慈祐里7鄰饒河街133號,121.574534,25.050694
40100,台北市大安區忠孝東路四段45號10樓 (遠東SOGO),臺北市大安區光武里27鄰忠孝東路四段45號,121.544883,25.041902
40101,台北市信義區忠孝東路五段8號4樓,臺北市信義區興雅里1鄰忠孝東路五段8號,121.565417,25.040865
40102,台北市士林區中山北路六段77號7樓 (遠東SOGO),臺北市士林區德行里5鄰中山北路六段77號,121.524278,25.105007
40103,桃園市中壢區元化路357號8樓 (遠東SOGO),桃園市中壢區金華里2鄰元化路357號,121.223533,24.962685
40104,新竹市東區民族路2號6樓 (遠東SOGO),新竹市東區榮光里3鄰民族路2號,120.971857,24.802560
40105,高雄市前鎮區三多三路217號6樓 (遠東SOGO),高雄市前鎮區盛興里6鄰三多三路217號,120.305916,22.614117
40106,台北市中正區市民大道1段100號B1-51店(台北地下街),臺北市中正區黎明里3鄰市民大道一段100號,121.517480,25.048445
40107,新北市淡水區義山路二段303號B棟影城1樓,新北市淡水區崁頂里7鄰義山路二段303號,121.439070,25.199127
40108,台中市西屯區西安街187號1樓,臺中市西屯區西平里10鄰西安街187號,120.645404,24.181988
40109,桃園市桃園區復興路238號,桃園市桃園區文明里7鄰復興路238號,121.309118,24.989367
40110,高雄市三民區建國二路129號,高雄市三民區港東里13鄰建國二路129號,120.308218,22.637395
40111,台中市西區五權八街129號,臺中市西區吉龍里30鄰五權八街129號,120.661009,24.134235
40112,台北市中正區市民大道三段8號2樓84號 (光華2樓),臺北市中正區梅花里14鄰市民大道三段8號,121.532101,25.045216
40113,台北市中正區市民大道一段100號50櫃,臺北市中正區黎明里3鄰市民大道一段100號,121.517480,25.048445
40114,台南市東區青年路275號,臺南市東區圍下里9鄰青年路275號,120.213325,22.991557
40115,台北市中正區市民大道三段8號2樓69~70室 (光華商場2樓),臺北市中正區梅花里14鄰市民大道三段8號,121.532101,25.045216
40116,台中市北區進化路570巷3號,臺中市北區錦洲里24鄰進化路570巷3號,120.694948,24.159231
40117,嘉義市西區中正路478號,嘉義市西區文化里14鄰中正路478號,120.448269,23.478800
40118,新北市板橋區民生路一段66號1樓,新北市板橋區東丘里1鄰民生路一段66號,121.473988,25.015160
40119,台北市中正區忠孝西路一段50-1號(站前地下街2-1B號),臺北市中正區黎明里11鄰忠孝西路一段50號,121.515823,25.046303
40120,新北市三重區重陽路一段120巷7號號1樓,新北市三重區光田里10鄰重陽路一段120巷7號,121.486255,25.060192
40121,台北市中正區市民大道三段8號3樓84-85號 (光華3樓),臺北市中正區梅花里14鄰市民大道三段8號,121.532101,25.045216
40122,台中市西屯區文華路197號1樓,臺中市西屯區西平里8鄰文華路197號,120.646148,24.181687
40123,南投縣國姓鄉成功街75號,南投縣國姓鄉石門村10鄰成功街75號,120.855421,24.042505
40124,新竹縣竹北市中華路307-2號,新竹縣竹北市新崙里10鄰中華路307之2號,121.004255,24.834365
40125,台南市北區北門路二段107號,臺南市北區公園里8鄰北門路二段107號,120.212554,22.999604
40126,新竹市東區鐵道路一段28巷42號7F,新竹市東區東園里17鄰鐵道路一段28巷42號,120.985201,24.810925
40127,高雄市三民區建國二路90號,高雄市三民區博愛里5鄰建國二路90號,120.309985,22.637691
40128,台中市南區復興路二段188號,臺中市南區福興里8鄰復興路二段188號,120.666481,24.127333
40129,新竹市北區中央路53號,新竹市北區中山里10鄰中央路53號,120.967631,24.805002
40130,台中市大里區西榮里東明路147巷28號,臺中市大里區西榮里25鄰東明路147巷28號,120.685295,24.112487
40131,台中市西區民龍里3鄰英才路510號1樓B16室,臺中市西區民龍里3鄰英才路510號,120.665018,24.151244
40132,新竹市東區光復路二段200號B158室,新竹市東區立功里9鄰光復路二段200號,121.000444,24.794231
40133,台南市永康區中山南路355號,臺南市永康區東橋里15鄰中山南路355號,120.238977,23.017689
40134,台南市佳里區中和街80號,臺南市佳里區建南里1鄰中和街80號,120.175746,23.160765
40135,高雄市苓雅區福建街300號,高雄市苓雅區林圍里5鄰福建街300號,120.314443,22.624941
40136,台南市東區長榮路二段280號,臺南市東區中西里13鄰長榮路二段280號,120.221256,22.990860
40137,台中市東區大勇街66號B1,臺中市東區振興里8鄰大勇街66號,120.687535,24.134186
40138,台中市西屯區福雅路128巷35號,臺中市西屯區福雅里24鄰福雅路128巷35號,120.620726,24.185068
40139,新竹市北區田美三街62號,新竹市北區金華里25鄰田美三街62號,120.976875,24.816694
40140,高雄市三民區大裕路52號,高雄市三民區本館里16鄰大裕路52號,120.328853,22.654423
40141,新北市蘆洲區信義路160號1樓,新北市蘆洲區仁義里14鄰信義路160號,121.479342,25.083597
40142,台北市華萬區青年路86號1樓,臺北市萬華區忠貞里11鄰青年路86號,121.502511,25.023157
40143,台北市中正區市民大道一段100號B1 89櫃,臺北市中正區黎明里3鄰市民大道一段100號,121.517480,25.048445
40144,台北市中正區市民大道一段100號(地下街 第66櫃),臺北市中正區黎明里3鄰市民大道一段100號,121.517480,25.048445
40145,台北市大同區華亭街8號,臺北市大同區建功里9鄰華亭街8號,121.513185,25.052161
40146,台北市萬華區西寧南路70號3樓之1B,臺北市萬華區西門里5鄰西寧南路70號,121.506047,25.043486
40147,新北市蘆洲區忠孝路10號,新北市蘆洲區得勝里1鄰忠孝路10號,121.470448,25.083926
40148,新竹市東區北大路20號1樓,新竹市東區文華里7鄰北大路20號,120.973770,24.813455
40149,台北市萬華區武昌街二段77號3樓,臺北市萬華區萬壽里6鄰武昌街二段77號,121.505709,25.045076
40150,台北市中正區市民大道一段100號B1-86A櫃,臺北市中正區黎明里3鄰市民大道一段100號,121.517480,25.048445
40151,基隆市中正區義二路12號1樓,基隆市中正區德義里6鄰義二路12號,121.745281,25.130648
40152,新竹縣竹東鎮大同路89號,新竹縣竹東鎮榮樂里8鄰大同路89號,121.089294,24.739004
40153,彰化縣彰化市光復路148號,彰化縣彰化市長樂里9鄰光復路148號,120.540038,24.080835
40154,台中市中區光復路77號,臺中市中區公園里8鄰光復路77號,120.683995,24.141029
40155,彰化縣員林鎮光明南街164號,彰化縣員林市惠來里21鄰光明南街164號,120.572783,23.953271
40156,桃園市蘆竹區南竹路一段37號,桃園市蘆竹區興榮里5鄰南竹路一段37號,121.291495,25.046906
40157,高雄市左營區文恩路69號,高雄市左營區福山里13鄰文恩路69號,120.317815,22.685381
40158,台中市西區公益路119號1樓,臺中市西區民龍里21鄰公益路119號,120.665684,24.150679
40159,台北市中山區敬業三路123號 1F,臺北市中山區成功里21鄰敬業三路123號,121.555539,25.081795
40160,新北市淡水區義山路二段303號1樓,新北市淡水區崁頂里7鄰義山路二段303號,121.439070,25.199127
40161,台北市大安區忠孝東路四段45號10F / 5F,臺北市大安區光武里27鄰忠孝東路四段45號,121.544883,25.041902
40162,台北市中山區南京西路12號6樓,臺北市中山區民安里9鄰南京西路12號,121.521244,25.052326
40163,台北市士林區中山北路六段75號7F,臺北市士林區德行里5鄰中山北路六段53號,121.524613,25.104133
40164,台北市信義區松高路12號5樓,臺北市信義區西村里8鄰松高路12號,121.566800,25.038813
40165,台北市松山區八德路4段138號5樓,臺北市松山區復盛里17鄰八德路四段138號,121.562447,25.048351
40166,桃園市中壢區元化路357號8樓,桃園市中壢區金華里2鄰元化路357號,121.223533,24.962685
40167,新北市板橋區中山路一段152號8樓,新北市板橋區深丘里1鄰中山路一段152號,121.464344,25.011113
40168,新竹市東區中央路229號5樓,新竹市東區復中里7鄰中央路229號,120.974931,24.809666
40169,台北市中山區敬業三路20號4樓(本館),臺北市中山區金泰里14鄰敬業三路20號,121.556712,25.082926
40170,桃園縣中壢市中園路2段501號2樓,桃園市中壢區內定里13鄰中園路二段501號,121.228735,25.000651
40171,台中市北區三民路三段161號B棟7F,臺中市北區新北里3鄰三民路三段166之10號,120.685433,24.152052
40172,台中市西屯區台灣大道3段251號 5F(A01),臺中市西屯區惠來里13鄰臺灣大道三段251號,120.644576,24.164670
40173,台中市西區台灣大道2段459號 8F,臺中市西區忠明里1鄰臺灣大道二段459號,120.661778,24.155266
40174,台中市西屯區台灣大道3段301號 6F,臺中市西屯區惠來里13鄰臺灣大道三段301號,120.643224,24.164663
40175,高雄市前金區成功一路266-1號8F,高雄市前金區榮復里7鄰成功一路266之1號,120.296032,22.619333
40176,屏東縣屏東市中正路72號5F,屏東縣屏東市大同里6鄰中正路72號,120.489655,22.674090
40177,台南市中西區西門路一段658號3F,臺南市中西區小西門里15鄰西門路一段658號,120.198867,22.986730
40178,高雄市左營區博愛二路777號6樓,高雄市左營區新下里29鄰博愛二路777號,120.303118,22.670155
40179,高雄市前鎮區中華五路789號5樓(A01),高雄市前鎮區興邦里12鄰中華五路789號,120.308190,22.595526
40180,台南市東區中華東路一段366號4樓F4〈4FB02〉,臺南市東區東光里1鄰中華東路一段366號,120.233334,22.990772
40181,高雄市前鎮區中山四路100號1樓(0607),高雄市前鎮區興邦里7鄰中山四路801號,120.316475,22.594631
40182,台北市信義區松高路16號2F,臺北市信義區西村里8鄰松高路16號,121.567277,25.038729
40183,台中市東區南京路76號1樓,臺中市東區干城里12鄰南京路76號,120.689779,24.140416
40184,高雄市左營區博愛二路777號B1樓,高雄市左營區新下里29鄰博愛二路777號,120.303118,22.670155
40185,宜蘭縣宜蘭市民權路二段38巷6號3樓,宜蘭縣宜蘭市南門里1鄰民權路二段38巷6號,121.750034,24.754383
40186,高雄市左營區高鐵路123號5樓,高雄市左營區菜公里29鄰高鐵路123號,120.310917,22.689557
40187,新北市淡水區中正路159號,新北市淡水區民安里14鄰中正路159號,121.438829,25.170860
40188,台北市中正區忠孝西路一段66號8F,臺北市中正區黎明里11鄰忠孝西路一段66號,121.515302,25.046226
40189,新北市永和區中山路一段238號B1F,新北市永和區保安里32鄰中山路一段238號,121.507645,25.007836
40190,桃園市八德區中正路20號6樓,桃園市八德區福元里16鄰中正路20號,121.284904,24.930703
40191,新竹市東區西大路323號6樓,新竹市東區南市里16鄰西大路323號,120.965211,24.802185
40192,新北市中和區中山路三段122號3樓,新北市中和區員山里22鄰中山路三段122號,121.475689,25.006077
40193,台北市南港區忠孝東路七段369號A棟3樓369號3FB1棟,臺北市南港區中南里19鄰忠孝東路七段369號,121.607208,25.052669
40194,新北市汐止區新台五路一段99號2樓,新北市汐止區復興里14鄰新臺五路一段99號,121.648248,25.061620
40195,台中市豐原區復興路2號5樓,臺中市豐原區中山里2鄰復興路2號,120.720586,24.250768
40196,新竹市東區中華路二段190號6樓,新竹市東區三民里5鄰中華路二段190號,120.977633,24.806331
40197,台北市士林區忠誠路二段55號3F,臺北市士林區三玉里14鄰忠誠路二段55號,121.531437,25.111810
40198,嘉義市東區忠孝路600號4樓,嘉義市東區義教里5鄰忠孝路600號,120.452527,23.496523
40199,高雄市苓雅區三多四路21號6樓,高雄市苓雅區意誠里7鄰三多四路21號,120.303949,22.612841
40200,屏東縣屏東市仁愛路90號4F,屏東縣屏東市公園里2鄰仁愛路90號,120.493331,22.673382
40201,花蓮縣花蓮市和平路581號2樓(K203),花蓮縣花蓮市國風里16鄰和平路581號,121.599729,23.978382
40202,台中市東區復興路四段186號6樓,臺中市東區新庄里28鄰復興路四段186號,120.687674,24.135473
40203,台中市南屯區文心南路289號4樓,臺中市南屯區豐樂里25鄰文心南路289號,120.646095,24.130092
40204,新北市樹林區保安里樹新路40-6號6樓,新北市樹林區保安里4鄰樹新路40之6號,121.427952,24.995486
40205,桃園市桃園區中正路19號8F　,桃園市桃園區文化里3鄰中正路19號,121.312568,24.989730
40206,桃園市桃園區大有路189號5樓,桃園市桃園區三元里17鄰大有路189號,121.320108,25.008075
40207,新竹市北區湳雅街91-2號2樓,新竹市北區湳雅里11鄰湳雅街91之2號,120.969676,24.819206
40208,苗栗縣頭份市中央路105號6樓,苗栗縣頭份市東庄里11鄰中央路98號,120.905658,24.689157
40209,台南市中西區中山路162號8F,臺南市中西區城隍里2鄰中山路162號,120.209898,22.995462
40210,台南市東區前鋒路210號4樓,臺南市東區成大里4鄰前鋒路210號,120.213922,22.996414
40211,高雄市前鎮區三多三路213號8F,高雄市前鎮區盛興里6鄰三多三路213號,120.306648,22.614449
40212,新北市板橋區新站路28號5樓,新北市板橋區福丘里14鄰新站路28號,121.466627,25.013622
40213,台北市內湖區民權東路六段296巷20號2樓,臺北市內湖區葫洲里20鄰民權東路六段296巷20號,121.606126,25.072251
40214,新北市新莊區新泰路85號B1,新北市新莊區文衡里9鄰新泰路85號,121.448851,25.034533
40215,新北市三重區永安北路2段25巷1號1樓,新北市三重區仁華里9鄰永安北路二段25巷1號,121.482246,25.081683
40216,新北市蘆洲區中正路117號,新北市蘆洲區光華里5鄰中正路117號,121.469680,25.084219
40217,台中市北區錦新街46號,臺中市北區新北里18鄰錦新街46號,120.687332,24.152999
40218,彰化縣鹿港鎮三民路15號,彰化縣鹿港鎮泰興里19鄰三民路15號,120.438576,24.051285
40219,彰化縣員林市溝皂東街32號,彰化縣員林市溝皂里10鄰溝皂東街32號,120.574569,23.948432
40220,嘉義市西區興業西路317號,嘉義市西區福民里11鄰興業西路317號,120.438480,23.467710
40221,高雄市小港區康莊路80號,高雄市小港區順苓里23鄰康莊路80號,120.355688,22.568261
40222,高雄市三民區文濱路47號,高雄市三民區寶業里23鄰文濱路47號,120.348305,22.639752
40223,高雄市三民區金鼎路339號,高雄市三民區鼎中里14鄰金鼎路339號,120.319732,22.664843
40224,高雄市鳳山區文化路47號,高雄市鳳山區文華里24鄰文化路47號,120.356385,22.633524
40225,高雄市鼓山區華榮路394號,高雄市鼓山區華豐里25鄰華榮路394號,120.295079,22.668776
40226,新北市中和區中山路二段291號6樓602櫃,新北市中和區連和里17鄰中山路二段291號,121.496138,25.002219
40227,台南市麻豆區中山路141號,臺南市麻豆區新興里5鄰中山路141號,120.244986,23.183596
40228,新北市新店區建國路268號1樓,新北市新店區復興里11鄰建國路268號,121.537662,24.983082
40229,新北市板橋區縣民大道二段7號2樓,新北市板橋區新民里1鄰縣民大道二段7號,121.463635,25.014330
40230,台中市西屯區健行路1049號6樓,找不到指定的門牌地址。,120.6610196,24.1557857
40231,台中市南區復興路一段359號2樓,臺中市南區樹義里23鄰復興路一段359號,120.653812,24.115456
40232,新北市三重區自強路一段73號,新北市三重區中央里16鄰自強路一段71號,121.497485,25.067048
40233,新北市蘆洲區長榮路8號2樓,新北市蘆洲區光明里15鄰長榮路8號,121.464169,25.081983
40234,台中市西屯區臺灣大道二段910號5樓之1,臺中市西屯區何安里19鄰臺灣大道二段910號,120.651737,24.161971
40235,台北市北投區立農街二段269號1樓,臺北市北投區東華里17鄰立農街二段269號,121.514810,25.118862
40236,桃園市桃園區民生路99號1樓,桃園市桃園區武陵里6鄰民生路99號,121.313784,24.992263
40237,台北市士林區東山里士東路292號1樓,臺北市士林區東山里22鄰士東路292號,121.537602,25.113416
40238,桃園市龍潭區中正路106號2樓,桃園市龍潭區中山里9鄰中正路106號,121.215706,24.867495
40239,新北市淡水區中山北路2段171號2樓,新北市淡水區崁頂里1鄰中山北路二段171號,121.444137,25.184585
40240,台北市中山區中山北路一段135巷18-1號,臺北市中山區正得里13鄰中山北路一段135巷18之1號,121.523773,25.051404
40241,台南市東區富德街49號,臺南市東區龍山里3鄰富德街49號,120.223059,22.985074
40242,彰化縣彰化市中華路220號,彰化縣彰化市中央里7鄰中華路220號,120.538590,24.078098
40243,彰化縣北斗鎮斗苑路一段78號,彰化縣北斗鎮居仁里11鄰斗苑路一段78號,120.526469,23.872451
40244,台中市潭子區中山路一段19-2號,臺中市潭子區家興里5鄰中山路一段19之2號,120.702324,24.190567
40245,台北市萬華區西寧南路70號4樓之33,臺北市萬華區西門里5鄰西寧南路70號,121.506047,25.043486
40246,嘉義市東區嘉北街72號,嘉義市東區仁義里15鄰嘉北街72號,120.454220,23.493890
40247,高雄市岡山區岡山路199號,高雄市岡山區平安里12鄰岡山路199號,120.295899,22.791640
40248,高雄市鳳山區青年路二段283號3樓,高雄市鳳山區文衡里22鄰青年路二段283號,120.350734,22.639391
40249,彰化縣員林市莒光路398號2樓,彰化縣員林市新生里16鄰莒光路398號,120.566865,23.961290
40250,苗栗縣頭份市中正路103號3樓,苗栗縣頭份市信義里10鄰中正路103號,120.908981,24.685811
40251,台北市士林區大西路66號B1,臺北市士林區仁勇里15鄰大西路66號,121.524756,25.091317
40252,桃園市桃園區中華路43號2樓,桃園市桃園區文化里7鄰中華路43號,121.310909,24.990825
40253,台北市士林區大西路84-1號1樓,臺北市士林區仁勇里16鄰大西路84號,121.524970,25.091856
40254,桃園市桃園區民生路99號1樓,桃園市桃園區武陵里6鄰民生路99號,121.313784,24.992263
40255,新竹市北區世界街181-4號,新竹市北區仁德里11鄰世界街181之4號,120.964867,24.806421
40256,新竹市東區平和街7號,新竹市東區東門里5鄰平和街6號,120.967569,24.804333
40257,桃園市桃園區民生路75號,桃園市桃園區武陵里6鄰民生路75號,121.314156,24.991857
40258,台中市北屯區旅順路一段166號,臺中市北屯區平和里6鄰旅順路一段166號,120.682520,24.174772
40259,宜蘭縣宜蘭市女中路三段613號,宜蘭縣宜蘭市思源里12鄰女中路三段613號,121.733296,24.748076
40260,台北市中山區新生北路三段93巷56號,臺北市中山區新庄里18鄰新生北路三段93巷56號,121.530002,25.067674
40261,台中市南屯區五權西路二段245號1樓,臺中市南屯區同心里14鄰五權西路二段238號,120.649067,24.140315
40262,台中市北屯區大德里中清路二段310號1樓,臺中市北屯區大德里4鄰中清路二段310號,120.668614,24.178661
40263,高雄市新興區中山二路522號,高雄市新興區振成里13鄰中山二路522號,120.301906,22.621915
40264,高雄市鼓山區明倫路148號,高雄市鼓山區明誠里36鄰明倫路148號,120.297847,22.665391
40265,桃園市八德區廣興一路30號1F,桃園市八德區福興里23鄰廣興一路30號,121.283265,24.932043
40266,苗栗縣竹南鎮中華里中正路170號,苗栗縣竹南鎮中華里11鄰中正路170號,120.868549,24.683401
40267,桃園市中壢區光明里新明路123號1樓,桃園市中壢區光明里20鄰新明路123號,121.215035,24.960509
40268,台中市西區林森路108號,臺中市西區平和里11鄰林森路108號,120.670320,24.138242
40269,台北市信義區忠孝東路四段553巷22弄55-1號,臺北市信義區新仁里8鄰忠孝東路四段553巷22弄55之1號,121.563579,25.043320
40270,南投縣草屯鎮碧山路150號,南投縣草屯鎮和平里4鄰碧山路150號,120.683207,23.978104
40271,南投縣南投市彰南路一段1162號,南投縣南投市彰仁里8鄰彰南路一段1162號,120.685260,23.907890
40272,嘉義市東區軍輝路129號1樓,嘉義市東區興仁里5鄰軍輝路129號,120.460800,23.455900
40273,台北市忠孝東路四段205巷37號B1F,臺北市大安區建安里8鄰忠孝東路四段205巷37號,121.552045,25.043807
40274,新北市三重區三和路四段328號,新北市三重區永盛里22鄰三和路四段328號,121.483594,25.078220
40275,新竹市東區中正路1號2樓,新竹市東區榮光里2鄰中正路2號,120.971521,24.802723
40276,台北市萬華區開封街2段74號,臺北市萬華區福星里17鄰開封街二段74號,121.505036,25.046969
40277,高雄市前金區榮安街33號,高雄市前金區東金里1鄰榮安街33號,120.293953,22.630993
40278,台北市內湖區成功路四段188號1樓,臺北市內湖區內湖里25鄰成功路四段188號,121.594547,25.084081
40279,新北市淡水區中正路一段2號,新北市淡水區油車里1鄰中正路一段2號,121.429053,25.176596
40280,台北市士林區天母東路68號6樓,臺北市士林區天福里7鄰天母東路68號,121.533979,25.117913
40281,台北市信義區松仁路58號5樓,臺北市信義區西村里8鄰松仁路58號,121.567967,25.036732
40282,高雄市前金區五福三路59號5樓,高雄市前金區文西里16鄰五福三路59號,120.297619,22.621617
40283,澎湖縣馬公市同和路158號3樓,澎湖縣馬公市光復里1鄰同和路158號,119.572237,23.567111
40284,高雄市大樹區三和里學城路一段12號C區2F(04D),高雄市大樹區三和里11鄰學城路一段12號,120.406614,22.729832
40285,台東縣台東市新生路93號1樓,臺東縣臺東市中山里2鄰新生路93號,121.148452,22.752123
40286,桃園縣大溪區文化路175號,桃園市大溪區一德里30鄰文化路175號,121.290340,24.877482
40287,新北市林口區民權路100-1號,新北市林口區湖南里22鄰民權路100之1號,121.373435,25.082262
40288,桃園市中壢區中華路一段254號,桃園市中壢區中原里3鄰中華路一段254號,121.258253,24.973126
40289,桃園縣中壢市中央西路二段149巷53號1樓,桃園市中壢區光明里23鄰中央西路二段149巷53號,121.214560,24.960813
40290,新北市中和區和平街19-2號,新北市中和區景福里43鄰和平街19之2號,121.508820,24.990580
40291,桃園市桃園區新民街112號,桃園市桃園區文昌里3鄰新民街112號,121.310556,24.993383
40292,高雄市三民區建國二路184號,高雄市三民區博愛里4鄰建國二路184號,120.307847,22.637709
40293,嘉義市東區民族路356號,嘉義市東區過溝里9鄰民族路356號,120.452070,23.476310
40294,彰化縣彰化市中正路二段72號,彰化縣彰化市長樂里22鄰中正路二段72號,120.537854,24.080179
40295,新竹市北區北大路178號,新竹市北區北門里1鄰北大路178號,120.966494,24.808927
40296,台中市沙鹿區四平街87號,臺中市沙鹿區美仁里5鄰四平街87號,120.560394,24.235153
40297,台北市大安區忠孝東路三段216巷4弄11號,臺北市大安區義村里12鄰忠孝東路三段216巷4弄11號,121.539533,25.041257
40298,台中市北區民權路399-1號,臺中市北區淡溝里10鄰民權路399之1號,120.670361,24.157934
40299,高雄市鳳山區老爺里五甲一路899號1樓,高雄市鳳山區老爺里31鄰五甲一路901之2號,120.346103,22.604659
40300,台北市萬華區武昌街二段82巷2弄2號,臺北市萬華區萬壽里5鄰武昌街二段82巷2弄2號,121.505813,25.044623
40301,台南市中西區青年路121號,臺南市中西區城隍里15鄰青年路121號,120.208633,22.992127
40302,台南市佳里區公園路270號,臺南市佳里區建南里11鄰公園路270號,120.172878,23.158241
40303,台北市大安區大安路一段77號b1東區地下街26-2號店鋪,臺北市大安區光武里3鄰大安路一段77號,121.546315,25.041916
40304,新北市中和區連城路43號,新北市中和區廟美里31鄰連城路43號,121.498304,25.001773
40305,新竹市北區西門街191號,新竹市北區興南里9鄰西門街191號,120.961910,24.800453
40306,桃園市中壢區中正路389號NOVA201櫃,桃園市中壢區舊明里22鄰中正路389號,121.215542,24.955428
40307,台南市中西區民族路2段76-16號1樓,臺南市中西區赤嵌里3鄰民族路二段76號之16,120.208034,22.995103
40308,台中市南屯區文心路一段521號2樓,臺中市南屯區溝墘里15鄰文心路一段521號,120.646305,24.154140
40309,雲林縣虎尾鎮立仁里立德路6號,雲林縣虎尾鎮立仁里20鄰立德路6號,120.424947,23.703417
40310,台中市西屯區中清路二段1199號3樓,臺中市西屯區港尾里16鄰中清路二段1199號,120.659154,24.192474
40311,宜蘭縣羅東鎮中正北路29號,宜蘭縣羅東鎮公正里2鄰中正北路29號,121.772054,24.678858
40312,高雄市三民區天津街23號,高雄市三民區精華里13鄰天津街23號,120.300539,22.641732
40313,嘉義市西區永和街124號,嘉義市西區書院里15鄰永和街124號,120.440079,23.476240
40314,台中市南屯區大墩路730號,臺中市南屯區大業里14鄰大墩路730號,120.650020,24.153262
40315,台中市太平區中山路4段100-1號,臺中市太平區新福里10鄰中山路四段100之1號,120.705796,24.148555
40316,台中市西屯區福雅路128巷35號,臺中市西屯區福雅里24鄰福雅路128巷35號,120.620726,24.185068
40317,新北市永和區永平路197號,新北市永和區保安里1鄰永平路197號,121.509615,25.009888
40318,台北市中山區民生東路二段141號7樓,臺北市中山區松江里1鄰民生東路二段141號,121.533834,25.058139
40319,新北市中和區中山路二段291號6樓之3,新北市中和區連和里17鄰中山路二段291號,121.496138,25.002219
40320,新北市中和區華新街192巷12號1樓,新北市中和區正南里24鄰華新街192巷12號,121.506569,24.982900
40321,高雄市岡山區石潭路260號,高雄市岡山區石潭里1鄰石潭路260號,120.268995,22.774986
40322,高雄市楠梓區後昌路77號,高雄市楠梓區錦屏里11鄰後昌路77號,120.311502,22.719382
40323,台北市中正區忠孝西路一段47號,臺北市中正區黎明里3鄰忠孝西路一段47號,121.516761,25.046880
40324,桃園市中壢區榮民路39號,桃園市中壢區興仁里6鄰榮民路39號,121.261028,24.969730
40325,台中市西屯區光明路84號,臺中市西屯區西安里14鄰光明路84號,120.638861,24.179403
40326,桃園市大溪區員林路二段358號,桃園市大溪區員林里6鄰員林路二段358號,121.268420,24.884629
40327,台北市大同區重慶北路二段166號,臺北市大同區延平里8鄰重慶北路二段166號,121.513473,25.059047
40328,桃園市龍潭區龍華路7號,桃園市龍潭區龍潭里3鄰龍華路7號,121.214806,24.866268
40329,新北市林口區竹林一路113號,新北市林口區中湖里11鄰竹林一路113號,121.385001,25.085930
40330,台北市士林區大北路22號1樓,臺北市士林區仁勇里9鄰大北路22號,121.526433,25.089825
40331,台北市士林區文林路497-1號1樓,臺北市士林區福佳里2鄰文林路497之1號,121.523799,25.096329
40332,新北市新莊區新北大道四段3號5樓,新北市新莊區中原里1鄰新北大道四段3號,121.449451,25.059944
40333,台南市東區東寧路61號1樓,臺南市東區大學里1鄰東寧路61號,120.221937,22.992049
40334,桃園市蘆竹區南山路一段2之5號1樓,桃園市蘆竹區錦中里9鄰南山路一段2之5號,121.291911,25.049433
40335,新北市樹林區博愛街89號2樓,新北市樹林區樹東里3鄰博愛街89號,121.426852,24.991657
40336,新竹縣竹北市莊敬三路88號,新竹縣竹北市十興里19鄰莊敬三路88號,121.025629,24.823308
40337,新北市板橋區中山路二段261號,新北市板橋區光仁里15鄰中山路二段261號,121.477536,25.017749
40338,台南市東區勝利路118號,臺南市東區大學里11鄰勝利路118號,120.218359,22.995949
40339,台中市西屯區文心路三段201號,臺中市西屯區大鵬里44鄰文心路三段201號,120.661206,24.171983
40340,高雄市三民區大昌二路332號,高雄市三民區寶玉里10鄰大昌二路332號,120.332182,22.647348
40341,高雄市左營區自由二路235號,高雄市左營區新上里34鄰自由二路235號,120.308029,22.662230
40342,宜蘭縣宜蘭市農權路213號,宜蘭縣宜蘭市復興里10鄰農權路213號,121.750639,24.746548
40343,桃園市中壢區中央東路13號6樓,桃園市中壢區中央里5鄰中央東路13號,121.224110,24.957276
40344,宜蘭縣宜蘭市舊城東路35-1號,宜蘭縣宜蘭市新民里17鄰舊城東路35之1號,121.755956,24.756737
40345,彰化縣彰化市三民路247號,彰化縣彰化市民生里3鄰三民路247號,120.543375,24.085750
40346,台中市北屯區太和六街129號1樓,臺中市北屯區廍子里16鄰太和六街129號,120.723133,24.167472
40347,彰化縣彰化市民生路205號,彰化縣彰化市光華里1鄰民生路205號,120.542720,24.079404
40348,台中市北區健行路825號,臺中市北區淡溝里8鄰健行路825號,120.670869,24.159018
40349,台中市北區一中街122號,臺中市北區新北里17鄰一中街122號,120.686661,24.152933
40350,雲林縣虎尾鎮平和里青埔32之2號1樓,雲林縣虎尾鎮平和里6鄰青埔32之2號,120.442372,23.703088
40351,台北市萬華區康定路287巷11號,臺北市萬華區富福里8鄰康定路287巷11號,121.501746,25.034122
40352,桃園市中壢區中正路15之8號,桃園市中壢區石頭里7鄰中正路15之8號,121.224788,24.953968
40353,台北市大同區太原路100號,臺北市大同區建功里12鄰太原路100號,121.515702,25.052496
40354,台北市大同區長安西路220巷18弄2號,臺北市大同區建明里18鄰長安西路220巷18弄3號,121.514391,25.050830
40355,台北市士林區後港街4號1樓,臺北市士林區承德里2鄰後港街4號,121.522910,25.082523
40356,新北市中和區民享街91-10號,新北市中和區民享里15鄰民享街91之10號,121.474671,25.000840
40357,新竹市東區金山23街5號,,121.0251964,24.7767487
40358,台中市西區民生路69號,臺中市西區廣民里22鄰民生路69號,120.674858,24.139334
40359,嘉義市西區中正路433號,嘉義市西區文化里12鄰中正路433號,120.448480,23.478680
40360,桃園市中壢區中正路51號4樓,桃園市中壢區石頭里9鄰中正路51號,121.224003,24.954179
40361,新北市永和區中正路141號,新北市永和區潭安里20鄰中正路141號,121.516189,24.998235
40362,花蓮市中山路547之2號2樓,花蓮縣花蓮市國魂里3鄰中山路547之2號,121.601635,23.986583
40363,新竹市東區經國路1段666號,新竹市東區文華里9鄰經國路一段666號,120.974123,24.814430
40364,高雄市三民區博愛一路102號,高雄市三民區達明里1鄰博愛一路102號,120.303313,22.644083
40365,高雄市鳳山區五甲二路478號,高雄市鳳山區鎮南里1鄰五甲二路478號,120.334596,22.597384
40366,屏東縣屏東市民生路321號,屏東縣屏東市金泉里12鄰民生路321號,120.490660,22.670438
40367,新北市永和區永和路二段62號,新北市永和區正興里3鄰永和路二段62號,121.514900,25.011019
40368,台中市南屯區公益路二段82號,臺中市南屯區大業里19鄰公益路二段82號,120.650223,24.151064
40369,台北市大同區民生西路239號,臺北市大同區雙連里27鄰民生西路239號,121.515248,25.057168
40370,台中市北屯區河北路二段71號,臺中市北屯區平德里15鄰河北路二段70之1號,120.683417,24.170383
40371,高雄市左營區重立路695號,高雄市左營區菜公里22鄰重立路695號,120.307711,22.681341
40372,台中市西區五權路36-2號,臺中市西區安龍里14鄰五權路36之2號,120.669815,24.143726
40373,台北市文山區新光路一段187號,臺北市文山區萬興里2鄰新光路一段187號,121.573939,24.993134
40374,新竹縣竹北市勝利六街111號,新竹縣竹北市十興里32鄰勝利六街111號,121.027645,24.824504
40375,新北市永和區福和路123號B1,新北市永和區永貞里1鄰福和路123號,121.521632,25.007757
40376,高雄市鳳山市大明路64號,高雄市鳳山區新甲里10鄰大明路64號,120.341981,22.607868
40377,台北市大同區大龍街166號1樓,臺北市大同區揚雅里1鄰大龍街166號,121.515798,25.068197
40378,桃園市楊梅區大成路99號3樓,桃園市楊梅區楊梅里16鄰大成路99號,121.145526,24.910157
40379,台北市信義區基隆路一段163號B1,臺北市信義區興雅里6鄰基隆路一段163號,121.565226,25.041751
40380,高雄市前鎮區中安路1-1號,高雄市前鎮區明正里28鄰中安路1之1號,120.329271,22.581541
40381,台北市信義區松壽路12號4樓,臺北市信義區西村里8鄰松壽路12號,121.566021,25.035668
40382,台中市西屯區台灣大道三段301號10F,臺中市西屯區惠來里13鄰臺灣大道三段301號,120.643224,24.164663
40383,台北市松山區南京東路五段267號3F,臺北市松山區安平里13鄰南京東路五段267號,121.565468,25.051579
40384,嘉義市西區垂楊路726號9樓,嘉義市西區永和里1鄰垂楊路726號,120.441190,23.473279
40385,台北市汀州路三段199號1樓?2樓?,臺北市中正區水源里2鄰汀州路三段199號,121.533244,25.014483
40386,雲林縣斗六市雲林路二段297號,雲林縣斗六市鎮西里13鄰雲林路二段297號,120.530572,23.702154
40387,花蓮縣花蓮市和平路589巷2號,花蓮縣花蓮市國風里15鄰和平路589巷2號,121.599147,23.979023
40388,台北市中正區八德路1段92號3樓,臺北市中正區梅花里15鄰八德路一段92號,121.532132,25.044076
40389,台北市中山區復興北路344號號 2 樓之一,臺北市中山區江山里25鄰復興北路344號,121.543954,25.059780
40390,台南市永康區永大一路31號,臺南市永康區永康里25鄰永大一路31號,120.261055,23.017852
40391,宜蘭市神農路一段200號,宜蘭縣宜蘭市復興里13鄰神農路一段200號,121.750249,24.748878
40392,台東縣台東市新生路93號1樓,臺東縣臺東市中山里2鄰新生路93號,121.148452,22.752123
40393,台北市內湖區金莊路129號,臺北市內湖區石潭里13鄰金莊路129號,121.587974,25.064435
40394,屏東縣琉球鄉三民路360號,屏東縣琉球鄉中福村6鄰三民路360號,120.384602,22.352302
40395,金門縣金湖鎮太湖路二段198號,金門縣金湖鎮新市里29鄰太湖路二段198號,118.418329,24.439392
40396,高雄市前鎮區三多三路217號6F,高雄市前鎮區盛興里6鄰三多三路217號,120.305916,22.614117
40397,新北市新莊區新北大道四段3號3樓,新北市新莊區中原里1鄰新北大道四段3號,121.449451,25.059944
40398,台南市中西區西賢里和緯路5段283號1樓,臺南市中西區西賢里6鄰和緯路五段283號,120.179497,23.004812
40399,高雄市楠梓區藍昌路370號,高雄市楠梓區藍田里10鄰藍昌路370號,120.291760,22.725695
40400,新竹縣竹北市光明六路89號,新竹縣竹北市中崙里1鄰光明六路89號,121.009172,24.826364
40401,嘉義市西區仁愛路502號2樓,嘉義市西區書院里9鄰仁愛路502號,120.442170,23.476640
40402,高雄市左營區立文路77號6F-2,高雄市左營區新上里30鄰立文路77號,120.304516,22.664408
40403,桃園市桃園區中華路10號3號樓之7,桃園市桃園區文化里5鄰中華路10號,121.311777,24.991320
40404,新北市新莊區富國路100號7樓,新北市新莊區萬安里1鄰富國路100號,121.421525,25.025316
40405,彰化市金馬路二段321號2樓,彰化縣彰化市茄南里13鄰金馬路二段321號,120.542419,24.094480
40406,高雄市新興區文橫一路5號,,120.3025385,22.624157
40407,南投縣埔里鎮中正路369號,南投縣埔里鎮東門里6鄰中正路369號,120.968287,23.964053
40408,台北市內湖區內湖路1段285巷65弄25號,臺北市內湖區西湖里12鄰內湖路一段285巷65弄25號,121.568213,25.084403
40409,高雄市梓官區梓官路261號2樓,高雄市梓官區梓義里4鄰梓官路261號,120.266970,22.760370
40410,雲林縣斗六市慶生路91號,雲林縣斗六市三平里18鄰慶生路91號,120.539443,23.713356
40411,台北市中正區市民大道三段2號7樓,臺北市中正區梅花里14鄰市民大道三段2號,121.531021,25.045632
40412,彰化縣員林鎮新興街98號,彰化縣員林市新興里4鄰新興街98號,120.571844,23.960805
40413,新北市三重區中正南路242號,新北市三重區光正里17鄰中正南路242號,121.493613,25.054210
40414,雲林縣虎尾鎮立新街167號,雲林縣虎尾鎮立仁里26鄰立新街167號,120.426925,23.704881
40415,台中市沙鹿區北勢東路537巷13號,臺中市沙鹿區北勢里28鄰北勢東路537巷13號,120.574555,24.226913
40416,桃園縣楊梅區永美路337之1號,桃園市楊梅區永平里1鄰永美路337號,121.181966,24.917085
40417,台中市北屯區北屯路70-1號,臺中市北屯區北京里8鄰北屯路70之1號,120.693244,24.162838
40418,雲林縣斗六市四維路66號,雲林縣斗六市龍潭里13鄰四維路66號,120.529642,23.693204
40419,高雄市前鎮區中安路1-1號,高雄市前鎮區明正里28鄰中安路1之1號,120.329271,22.581541
40420,台北市信義區松壽路12號4樓,臺北市信義區西村里8鄰松壽路12號,121.566021,25.035668
40421,台中市西屯區台灣大道三段301號10F天空劇場,臺中市西屯區惠來里13鄰臺灣大道三段301號,120.643224,24.164663
40422,新北市新莊區中正路649號6樓,新北市新莊區福營里16鄰中正路649號,121.429995,25.031054
40423,桃園市中壢區中和路241號,桃園市中壢區石頭里14鄰中和路241號,121.223562,24.953195
40424,台東縣台東市博愛路406號,臺東縣臺東市民族里15鄰博愛路406號,121.147749,22.756416
40425,桃園市中壢區中北路二段468號,桃園市中壢區正義里16鄰中北路二段468號,121.234716,24.954637
40426,高雄市左營區博愛二路320號3樓,高雄市左營區新上里30鄰博愛二路320號,120.303526,22.663492
40427,苗栗縣竹南鎮博愛街62號3樓,苗栗縣竹南鎮照南里12鄰博愛街62號,120.878079,24.686886
40428,新竹市北區中華路三段9號13樓,新竹市北區臺溪里1鄰中華路三段9號,120.963311,24.797011
40429,高雄市鼓山區大順一路115號5F,高雄市鼓山區龍子里7鄰大順一路115號,120.306597,22.656568
40430,桃園市大園區航站南路9號,桃園市大園區埔心里16鄰航站南路9號,121.232515,25.077078
40431,嘉義市西區新民路673號,嘉義市西區福民里11鄰新民路673號,120.439930,23.467479
40432,宜蘭縣宜蘭市中山路二段107號1樓,宜蘭縣宜蘭市民權里3鄰中山路二段107號,121.755045,24.746431
40433,台南市麻豆區安業77之2號,臺南市麻豆區安業里1鄰安業77號之2,120.246538,23.158982
40434,台南市新化區信義路371號,臺南市新化區豐榮里1鄰信義路371號,120.304230,23.034514
40435,嘉義市東區民族路442號,嘉義市東區過溝里14鄰民族路442號,120.450340,23.476160
40436,嘉義縣水上鄉中興路279號,嘉義縣水上鄉水頭村18鄰中興路279號,120.401850,23.430295
40437,屏東縣東港鎮長春二路206號,屏東縣東港鎮東光里2鄰長春二路206號,120.459310,22.467403
40438,高雄市大樹區水寮里中山路174號,高雄市大樹區水寮里7鄰中山路174號,120.409173,22.666882
40439,屏東縣屏東市崇武里永大路66號1樓,屏東縣屏東市崇武里15鄰永大路66號,120.479085,22.661321
40440,高雄市前鎮區二聖一路71號1樓,高雄市前鎮區竹東里17鄰二聖一路71號,120.324864,22.611881
40441,高雄市三民區覺民路38號,高雄市三民區寶業里3鄰覺民路38號,120.343497,22.639023
40442,高雄市小港區二苓路246號,高雄市小港區三苓里10鄰二苓路246號,120.347758,22.565584
40443,高雄市湖內區大湖里中山路一段493號,高雄市湖內區大湖里23鄰中山路一段493號,120.242776,22.887934
40444,南投縣名間鄉彰南路243號,南投縣名間鄉中山村3鄰彰南路243號,120.697394,23.846789
40445,基隆市中山區復興路336-1號,基隆市中山區德和里16鄰復興路336之1號,121.728171,25.150630
40446,台北市南港區經貿二路191號1樓,臺北市南港區三重里30鄰經貿二路191號,121.616136,25.060687
40447,彰化縣員林市員集路二段82號,彰化縣員林市大明里1鄰員集路二段82號,120.576525,23.937916
40448,彰化縣彰化市林森路197號,彰化縣彰化市平和里16鄰林森路197號,120.526686,24.073245
40449,新北市新店區三民路77號,新北市新店區百福里1鄰三民路77號,121.535937,24.971496
40450,新竹市東區光復路1段365號1樓,新竹市東區仙水里14鄰光復路一段365號,121.017397,24.783204
40451,台北市信義區忠孝東路五段498號1樓,臺北市信義區松光里1鄰忠孝東路五段498號,121.578481,25.040966
40452,台北市士林區天母東路69巷11之9號1樓,臺北市士林區天山里3鄰天母東路69巷11之9號,121.533435,25.119769
40453,新北市三重區中華路53號1樓,新北市三重區田安里15鄰中華路53號,121.483582,25.062128
40454,新北市新莊區中華路1段8號1樓,新北市新莊區榮和里12鄰中華路一段8號,121.452181,25.036690
40455,新竹市香山區西濱路二段601號,新竹市香山區港南里12鄰西濱路二段601號,120.922507,24.812978
40456,桃園市桃園區民光東路120號,桃園市桃園區寶民里8鄰民光東路120號,121.317925,25.008040
40457,台中市北區賴旺里青島路一段12號,臺中市北區賴旺里22鄰青島路一段11號,120.674183,24.173178
40458,臺北市中正區南海路20號,臺北市中正區龍福里8鄰南海路20號,121.517011,25.032492
40459,新北市淡水區博愛街14號,新北市淡水區幸福里16鄰博愛街13號,121.446192,25.169930
40460,新北市蘆洲區三民路378之3號1樓,新北市蘆洲區保新里9鄰三民路378之3號,121.464226,25.092005
40461,台中市西屯區上安路136號1樓,臺中市西屯區上安里18鄰上安路136號,120.639945,24.171510
40462,台北市松山區南京東路五段291巷14號,臺北市松山區安平里13鄰南京東路五段291巷14號,121.566091,25.052256
40463,台北市中山區樂群二路186號,臺北市中山區金泰里3鄰樂群二路186號,121.558511,25.079574
40464,新北市中和區員山路504之1號1樓,新北市中和區員山里1鄰員山路504之1號,121.479515,25.008196
40465,新北市中和區連城路469巷23號1樓,新北市中和區仁和里18鄰連城路469巷23號,121.483666,24.995021
40466,新北市中和區圓通路395號1樓,新北市中和區錦和里18鄰圓通路395號,121.489525,24.989094
40467,台中市西區公益路68號1樓,臺中市西區民龍里3鄰公益路68號,120.663866,24.151278
40468,台中市西屯區永安里西屯路三段166之25號1樓,臺中市西屯區永安里25鄰西屯路三段166之25號,120.615307,24.189392
40469,台中市龍井區遊園南路297號,臺中市龍井區新東里21鄰遊園南路297號,120.583447,24.179822
40470,台中市東區東信里旱溪東路一段300號1樓,臺中市東區東信里33鄰旱溪東路一段300號,120.701083,24.135270
40471,台中市清水區清水里中山路110號,臺中市清水區清水里8鄰中山路110號,120.575114,24.267582
40472,彰化縣彰化市三民路270號,彰化縣彰化市民生里12鄰三民路270號,120.543980,24.085547
40473,新北市新莊區建國一路2號,新北市新莊區福營里8鄰建國一路2號,121.433556,25.032112
40474,台北市南港區南港路三段2號,臺北市南港區西新里9鄰南港路三段2號,121.593054,25.054538
40475,新北市土城區廣明街49號,新北市土城區瑞興里22鄰廣明街49號,121.455157,24.993326
40476,新北市土城區金城路二段258之5號,新北市土城區柑林里2鄰金城路二段258之5號,121.457362,24.983356
40477,桃園市大溪區仁善街182號,桃園市大溪區仁善里18鄰仁善街182號,121.282660,24.909668
40478,新北市樹林區太元街58號,新北市樹林區彭厝里9鄰太元街58號,121.418514,24.979399
40479,桃園市龜山區萬壽路一段268之3號,桃園市龜山區龍華里2鄰萬壽路一段268之3號,121.403765,25.017783
40480,桃園市中壢區興南里元化路282號1樓,桃園市中壢區興南里25鄰元化路282號,121.224801,24.961987
40481,新竹縣竹北市台元一街8號13樓,新竹縣竹北市竹北里12鄰臺元一街8號,121.019611,24.841393
40482,苗栗縣大湖鄉中原路87-2號,苗栗縣大湖鄉明湖村2鄰中原路87之2號,120.866148,24.424668
40483,台中市北屯區河北路二段98號,臺中市北屯區平德里1鄰河北路二段98號,120.683545,24.171474
40484,台中市北區三民路3段141-1號,臺中市北區錦平里6鄰三民路三段141號,120.684597,24.151432
40485,台中市大里區立德里立中街9號,臺中市大里區立德里30鄰立中街9號,120.696979,24.100666
40486,台北市南港區興華路86號,臺北市南港區東明里13鄰興華路86號,121.605698,25.055928
40487,台北市中山區興安街57號,臺北市中山區龍洲里27鄰興安街57號,121.542266,25.056198
40488,台北市士林區社中街280號1樓,臺北市士林區社園里17鄰社中街280號,121.506317,25.092133
40489,台北市大安區敦化南路一段190巷7號,臺北市大安區光武里5鄰敦化南路一段190巷7號,121.548199,25.042693
40490,台北市文山區忠順街二段16號,臺北市文山區順興里6鄰忠順街二段16號,121.562603,24.984552
40491,新北市林口區湖南里信義路289號,新北市林口區湖南里23鄰信義路289號,121.375356,25.082011
40492,新北市板橋區中山路二段25號1-5樓,新北市板橋區西安里7鄰中山路二段25號,121.472560,25.015286
40493,桃園市桃園區同德五街98號1樓,桃園市桃園區同安里26鄰同德五街98號,121.299903,25.014797
40494,桃園市中壢區慈惠三街131號1樓,桃園市中壢區金華里21鄰慈惠三街131號,121.225478,24.964006
40495,新竹縣竹東鎮中山路67號1樓,新竹縣竹東鎮鷄林里17鄰中山路67號,121.093329,24.733976
40496,苗栗縣頭份市東民三街1號1樓,苗栗縣頭份市東庄里18鄰東民三街1號,120.903375,24.688440
40497,嘉義市西區興達路166號,嘉義市西區新厝里4鄰興達路166號附1,120.441052,23.489066
40498,台南市關廟區中央路246號,臺南市關廟區香洋里7鄰中央路246號,120.327837,22.961124
40499,高雄市三民區建興路151號,高雄市三民區寶興里15鄰建興路151號,120.327336,22.643108
40500,高雄市苓雅區武廟路133號,高雄市苓雅區正言里11鄰武廟路133號,120.326813,22.631042
40501,台東縣台東市開封街646號1樓,臺東縣臺東市中心里2鄰開封街646號,121.138972,22.760214
40502,桃園市中壢區中北路二段468號46櫃,桃園市中壢區正義里16鄰中北路二段468號,121.234716,24.954637
40503,台北市忠孝西路一段50之1號地下街3-3B號櫃位,臺北市中正區黎明里11鄰忠孝西路一段50號,121.515823,25.046303
40504,高雄市左營區博愛二路320號3樓,高雄市左營區新上里30鄰博愛二路320號,120.303526,22.663492
40505,苗栗縣竹南鎮博愛街62號3樓,苗栗縣竹南鎮照南里12鄰博愛街62號,120.878079,24.686886
40506,新北市新店區北宜路一段16號2樓L2-008櫃,新北市新店區張南里1鄰北宜路一段16號,121.537907,24.957446
40507,新北市中和區景平路696號5樓,新北市中和區連和里21鄰景平路696號,121.496915,25.001892
40508,新北市新店區北新路三段126號三樓,新北市新店區寶安里25鄰北新路三段126號,121.541701,24.981845
40509,台南市永康區崑大路8號,,120.2552652,22.998409
40510,台北市大安區臨江街112-1號,臺北市大安區臨江里2鄰臨江街112之1號,121.554441,25.030079
40511,新北市新店區北新路2段170號(1樓),新北市新店區新安里7鄰北新路二段170號,121.543062,24.975812
40512,台北市內湖區港華街17號,臺北市內湖區港華里2鄰港華街17號,121.577149,25.082494
40513,高雄市岡山區維仁路65號1樓,高雄市岡山區維仁里5鄰維仁路65號,120.292212,22.793281
40514,高雄市三民區建國一路473號,高雄市三民區港新里5鄰建國一路473號,120.315701,22.635603
40515,台中市西屯區寧夏路221號,臺中市西屯區何仁里32鄰寧夏路221號,120.659352,24.170145
40516,新北市土城區延和路18巷10號,新北市土城區延和里32鄰延和路18巷10號,121.464592,24.987943
40517,新北市板橋區莊敬路107號,新北市板橋區華翠里17鄰莊敬路107號,121.472424,25.025912
40518,台中市潭子區圓通南路211號,臺中市潭子區潭陽里21鄰圓通南路211號,120.704012,24.207076
40519,桃園市桃園區中正路61號4樓,桃園市桃園區文化里3鄰中正路61號,121.312523,24.991112
40520,台中市西區英才路508號B03室,臺中市西區双龍里21鄰英才路503號,120.665453,24.148070
40521,台中市西區民權路39號1樓,臺中市西區民生里12鄰民權路39號,120.681212,24.136499
40522,嘉義市西區仁愛路413號,嘉義市西區書院里13鄰仁愛路413號,120.441909,23.477340
40523,台中市大里區中興路一段207號,臺中市大里區東湖里18鄰中興路一段207號,120.692993,24.090336
40524,新竹縣竹東鎮?林里大明路173號1樓,新竹縣竹東鎮鷄林里10鄰大明路173號,121.095293,24.736021
40525,高雄市鼓山區新德路1號5樓,,120.3042827,22.6561262
40526,桃園市中壢區實踐路225號16之1,桃園市中壢區普仁里27鄰實踐路225號,121.238781,24.957452
40527,新北市樹林區博愛一街20號,新北市樹林區樹東里7鄰博愛一街20號,121.425445,24.990949
40528,台北市南港區同德路70號1樓,臺北市南港區萬福里11鄰同德路70號,121.585209,25.045658
40529,彰化市阿夷里泰和路二段198號,彰化縣彰化市阿夷里10鄰泰和路二段199之6號,120.551728,24.093950
40530,台中市北區雙十路二段73號3樓,臺中市北區金華里8鄰雙十路二段73號,120.689545,24.155031
40531,高雄市鳳山區文衡路259號1樓,高雄市鳳山區文衡里16鄰文衡路259號,120.354350,22.640011
40532,桃園市中壢區高鐵南路二段352號4樓,桃園市中壢區芝芭里13鄰高鐵南路二段352號,121.202935,25.002445
40533,台中市潭子區圓通南路194巷2號,臺中市潭子區潭陽里21鄰圓通南路194巷2號,120.704465,24.207402
40534,基隆市七堵區東新街2號,基隆市七堵區長興里1鄰東新街2號,121.714584,25.093181
40535,新北市中和區景平路115號,新北市中和區秀士里17鄰景平路115號,121.516679,24.991897
40536,新竹縣竹北市成功一街8號,新竹縣竹北市鹿場里6鄰成功一街8號,121.022834,24.820765
40537,新竹市東區忠孝路434巷11號,新竹市東區東園里5鄰忠孝路434巷11號,120.982845,24.802986
40538,台中市大甲區水源路1號,臺中市大甲區南陽里9鄰水源路1號,120.622722,24.342320
40539,台中市北區雙十路1段16號,臺中市北區樂英里24鄰雙十路一段16號,120.687470,24.149011
40540,台中市西屯區青海路二段153號,臺中市西屯區上德里16鄰青海路二段153號,120.646737,24.168932
40541,台中市南屯區忠勇路76之3號,臺中市南屯區寶山里4鄰忠勇路76之3號,120.616138,24.151947
40542,台中市南區福田路15號1樓,臺中市南區樹義里17鄰福田路15號,120.657662,24.110779
40543,台中市龍井區龍社路439號,臺中市龍井區龍泉里27鄰龍社路439號,120.562937,24.200163
40544,南投縣草屯鎮富林路一段320號,南投縣草屯鎮富寮里28鄰富林路一段320號,120.699816,23.975003
40545,苗栗縣苗栗市英才路127號,苗栗縣苗栗市北苗里21鄰英才路127號,120.820780,24.569306
40546,苗栗縣頭份市和平路83號1樓,苗栗縣頭份市民族里1鄰和平路83號,120.906576,24.685414
40547,新竹市北區西門街101號1樓,新竹市北區興南里7鄰西門街101號,120.963870,24.801715
40548,新竹縣湖口鄉千禧路1號1樓,新竹縣湖口鄉波羅村12鄰千禧路1號,121.027209,24.883969
40549,彰化縣員林市三民東街350號,彰化縣員林市仁愛里1鄰三民東街350號,120.582247,23.960553
40550,台北市士林區文林路119號1樓,臺北市士林區仁勇里6鄰文林路119號,121.526311,25.088493
40551,台北市大安區羅斯福路2段103號,臺北市大安區古莊里6鄰羅斯福路二段103號,121.524479,25.024667
40552,台北市中山區錦州街427號,臺北市中山區江寧里19鄰錦州街427號,121.542469,25.060274
40553,台北市中正區杭州南路一段19號1Ｆ,臺北市中正區幸福里12鄰杭州南路一段19號,121.526548,25.042541
40554,台北市內湖區文德路212號,臺北市內湖區紫陽里19鄰文德路212號,121.584047,25.078320
40555,台北市文山區恆光街21號1樓,臺北市文山區樟腳里1鄰恆光街21號,121.566864,24.983139
40556,台北市松山區八德路四段676號,臺北市松山區慈祐里18鄰八德路四段676號,121.576378,25.049871
40557,台北市信義區莊敬路190號1樓,臺北市信義區景聯里13鄰莊敬路190號,121.561156,25.030774
40558,台北市南港區忠孝東路七段635號1樓,臺北市南港區新富里15鄰忠孝東路七段635號,121.615951,25.053305
40559,台北市萬華區康定路73號,臺北市萬華區新起里1鄰康定路73號,121.502212,25.040732
40560,宜蘭縣三星鄉上將路二段435號部份,宜蘭縣三星鄉大洲村8鄰上將路二段435號,121.728886,24.692695
40561,宜蘭縣宜蘭市神農路一段102號,宜蘭縣宜蘭市復興里14鄰神農路一段102號,121.749402,24.746770
40562,桃園市平鎮區中豐路山頂段3號1樓,桃園市平鎮區莊敬里13鄰中豐路山頂段3號,121.212051,24.904039
40563,桃園市桃園區大豐路102號1樓,桃園市桃園區雲林里24鄰大豐路102號,121.316827,24.980481
40564,桃園市桃園區成功路二段69號1樓,桃園市桃園區東門里9鄰成功路二段69號,121.316464,24.994164
40565,桃園市楊梅區新農街606號1樓,桃園市楊梅區楊明里27鄰新農街606號,121.162330,24.912832
40566,桃園市蘆竹區大竹路533號,桃園市蘆竹區大竹里5鄰大竹路533號,121.259259,25.023828
40567,桃園市蘆竹區吉林路2號,桃園市蘆竹區五福里4鄰吉林路2號,121.296092,25.051296
40568,基隆市中正區和一路110號,基隆市中正區社寮里17鄰和一路110號,121.766024,25.155007
40569,基隆市仁愛區港西街6-2號1樓,基隆市仁愛區文昌里16鄰港西街6號,121.740544,25.132985
40570,新北市中和區中原街126號1樓,新北市中和區中原里5鄰中原街126號,121.485804,25.011120
40571,新北市中和區南華路67號1樓,新北市中和區景文里2鄰南華路67號,121.504669,24.997404
40572,新北市中和區景新街265號,新北市中和區景安里21鄰景新街265號,121.508920,24.993995
40573,新北市板橋區四川路一段371號1樓,新北市板橋區仁愛里19鄰四川路一段371號,121.458305,24.999578
40574,新北市板橋區四維路293號1樓,新北市板橋區仁翠里9鄰四維路293號,121.463288,25.028248
40575,新北市板橋區民生路二段230號1樓,新北市板橋區華江里3鄰民生路二段230號,121.469081,25.022141
40576,新北市林口區文化三路一段406號1樓,新北市林口區南勢里28鄰文化三路一段406號,121.368095,25.074211
40577,新北市淡水區新市一路一段103號1樓,新北市淡水區大庄里11鄰新市一路一段103號,121.431163,25.186979
40578,新北市蘆洲區中正路181-1號,新北市蘆洲區光華里6鄰中正路181之1號,121.468650,25.085450
40579,新北市蘆洲區長安街248號,新北市蘆洲區成功里4鄰長安街248號,121.457637,25.086207
40580,台南市中西區五妃街190號,臺南市中西區郡王里3鄰五妃街190號,120.205816,22.982659
40581,屏東縣內埔鄉壽比路228號1樓,屏東縣內埔鄉老埤村25鄰壽比路228號,120.596323,22.632263
40582,屏東縣屏東市光復路348號1樓,屏東縣屏東市永光里8鄰光復路348號,120.474521,22.668969
40583,高雄市林園區林園北路439號1樓,高雄市林園區王公里1鄰林園北路439號,120.394698,22.512107
40584,高雄市鼓山區蓮海路70號（國立中山大學）,高雄市鼓山區桃源里7鄰蓮海路70號,120.265991,22.626460
40585,高雄市鳳山區和德里大東二路43之1號,高雄市鳳山區和德里9鄰大東二路43之1號,120.359894,22.620014
40586,雲林縣虎尾鎮建國里文科路1151號,雲林縣虎尾鎮建國里7鄰文科路1151號,120.423900,23.716882
40587,雲林縣口湖鄉崙中村中山路71號,雲林縣口湖鄉崙中村10鄰中山路71號,120.164883,23.618680
40588,嘉義市西區車店里南京路423號,嘉義市西區車店里5鄰南京路423號,120.435920,23.465710
40589,嘉義市東區興安街199號,嘉義市東區興安里2鄰興安街199號,120.450295,23.460836
40590,台中市北區大義街117號,臺中市北區建興里18鄰大義街117號,120.683536,24.161721
40591,新北市樹林區中山路二段230號,新北市樹林區東山里12鄰中山路二段230號,121.408934,24.980347
40592,高雄市鼓山區大順一路115號5樓,高雄市鼓山區龍子里7鄰大順一路115號,120.306597,22.656568
40593,新北市新店區北宜路一段16號2樓,新北市新店區張南里1鄰北宜路一段16號,121.537907,24.957446
40594,台北市中山區南京東路二段95號,臺北市中山區中吉里1鄰南京東路二段95號,121.532255,25.052246
40595,新北市汐止區新台五路一段93-99號D棟 2樓,新北市汐止區復興里14鄰新臺五路一段93之5號,121.647904,25.061610
40596,桃園市龜山區復興一路8號B1,桃園市龜山區文化里1鄰復興一路8號,121.369497,25.060217
40597,嘉義市西區垂陽路537號4樓,,120.4389713,23.4726999
40598,南投縣南投市三和三路21號B1,南投縣南投市三和里21鄰三和三路21號,120.689057,23.905685
40599,高雄市楠梓區宏昌街2號,高雄市楠梓區宏昌里9鄰宏昌街2號,120.292452,22.718019
40600,桃園市中壢區大仁四街13號,桃園市中壢區普忠里8鄰大仁四街12號,121.240951,24.955690
40601,彰化縣員林市惠農路197巷30弄37號,彰化縣員林市南興里9鄰惠農路197巷30弄37號,120.563124,23.970368
40602,嘉義市民族路503號1樓,嘉義市西區文化里4鄰民族路503號,120.448440,23.475760
40603,新竹市香山區延平路二段785號,新竹市香山區虎山里23鄰延平路二段785號,120.921347,24.807492
40604,新北市三峽區國慶路156號1樓,新北市三峽區龍恩里7鄰國慶路156號,121.374859,24.940761
40605,高雄市前鎮區中華五路789號7樓,高雄市前鎮區興邦里12鄰中華五路789號,120.308190,22.595526
40606,台中市北區益華街22號,臺中市北區金龍里19鄰益華街22號,120.689186,24.158481
40607,台中市北區育才北路34號304,臺中市北區新北里16鄰育才北路34號,120.687296,24.152388
40608,台北市松山區新益里富錦街529號一樓,臺北市松山區新益里17鄰富錦街529號,121.565425,25.061264
40609,台北市松山區民生東路五段204-3號一樓,臺北市松山區富泰里15鄰民生東路五段204之3號,121.564732,25.058291
40610,台北市松山區民權東路三段160巷11號,臺北市松山區民有里19鄰民權東路三段160巷11號,121.547781,25.060713
40611,台北市松山區民生東路三段130巷5弄22號,臺北市松山區松基里12鄰民生東路三段130巷5弄22號,121.547133,25.056954
40612,台北市大同區太原路81號,臺北市大同區建泰里18鄰太原路81號,121.515722,25.051881
40613,台北市中正區忠孝西路一段45號1F部分,臺北市中正區黎明里3鄰忠孝西路一段45號,121.517934,25.046282
40614,台北市中正區重慶南路一段58號,臺北市中正區光復里6鄰重慶南路一段58號,121.513107,25.043913
40615,台北市中正區信陽街15號,臺北市中正區黎明里12鄰信陽街15號,121.516201,25.044698
40616,台北市中正區博愛路63號1F+B1F,臺北市中正區光復里5鄰博愛路63號,121.511647,25.044184
40617,台北市萬華區萬大路486巷59弄1號1樓,臺北市萬華區華中里7鄰萬大路486巷59弄1號,121.495874,25.020395
40618,台北市萬華區興義街41號1樓,臺北市萬華區和德里22鄰興義街41號,121.491722,25.026544
40619,台北市萬華區愛鄉里和平西路三段290之5號、290,臺北市萬華區糖廍里8鄰和平西路三段290之5號,121.494591,25.035094
40620,台北市萬華區寶興街78號,臺北市萬華區錦德里15鄰寶興街78號,121.494221,25.026083
40621,台北市中山區晴光里德惠街34之2號一樓,臺北市中山區晴光里1鄰德惠街34之2號,121.526410,25.066583
40622,台北市中山區民族東路410巷23弄24號,臺北市中山區行仁里20鄰民族東路410巷23弄24號,121.539561,25.066749
40623,台北市中山區民權西路38之1號1樓,臺北市中山區集英里15鄰民權西路38之1號,121.521261,25.062586
40624,台北市北投區中央南路2段15號1樓,臺北市北投區八仙里4鄰中央南路二段15號,121.500525,25.125831
40625,台北市士林區德行東路109巷75號壹樓,臺北市士林區蘭雅里8鄰德行東路109巷75號,121.528482,25.110016
40626,台北市士林區士東路266巷5弄16號,臺北市士林區東山里20鄰士東路266巷5弄16號,121.537538,25.112309
40627,台北市士林區雨聲街36號1樓,臺北市士林區名山里18鄰雨聲街36號,121.529191,25.102167
40628,台北市士林區大東路63號1樓,臺北市士林區仁勇里13鄰大東路63號,121.525484,25.090091
40629,新北市淡水區自強路156號1樓,新北市淡水區福德里1鄰自強路156號,121.465309,25.133828
40630,新北市淡水區沙崙路9號1樓,新北市淡水區大庄里5鄰沙崙路9號,121.421004,25.181363
40631,新北市淡水區真理街2之1號,新北市淡水區文化里6鄰真理街2之1號,121.438582,25.173051
40632,臺北市北投區知行路237號,臺北市北投區關渡里27鄰知行路237號,121.467017,25.120387
40633,新北市淡水區沙崙路一段108號,新北市淡水區大庄里11鄰沙崙路一段108號,121.430169,25.188476
40634,台北市信義區永吉路30巷118號1樓,臺北市信義區敦厚里9鄰永吉路30巷118號,121.568647,25.043104
40635,台北市大安區忠孝東路4段302號1樓東側部分,臺北市大安區正聲里1鄰忠孝東路四段302號,121.556445,25.041155
40636,新北市汐止區康寧街747號.749號,新北市汐止區湖光里23鄰康寧街747號,121.638326,25.073287
40637,台北市南港區重陽路183、185號1樓,臺北市南港區三重里21鄰重陽路592號,121.614773,25.062958
40638,台北市南港區舊莊街一段3巷3弄2號,臺北市南港區中研里12鄰舊莊街一段3巷3弄2號,121.618988,25.043140
40639,新北市汐止區明峰街162號,新北市汐止區北峰里22鄰明峰街162號,121.629197,25.070512
40640,台北市大安區忠孝東路三段248巷6號,臺北市大安區義村里8鄰忠孝東路三段248巷6號,121.541203,25.041236
40641,台北市大安區忠孝東路四段216巷31號,臺北市大安區車層里16鄰忠孝東路四段216巷31號,121.553049,25.039583
40642,台北市文山區羅斯福路六段146-1號,臺北市文山區景仁里2鄰羅斯福路六段146之1號,121.540953,24.995701
40643,台北市大安區長興街50號,臺北市大安區學府里13鄰長興街50號,121.545008,25.016501
40644,台北市文山區景後街95號,臺北市文山區景行里6鄰景後街95號,121.543037,24.991914
40645,新北市新店區廣明里7鄰光明街136號1樓,新北市新店區廣明里7鄰光明街136號,121.539297,24.961259
40646,台北市文山區興隆路四段105巷42號木柵大樓1樓,臺北市文山區明義里14鄰興隆路四段105巷42號,121.562006,24.987670
40647,新北市新店區寶橋路194號1樓,新北市新店區寶福里7鄰寶橋路194號,121.550752,24.978237
40648,新北市新店區中正路224號,新北市新店區仁愛里19鄰中正路224號,121.540177,24.972819
40649,新北市新店區北新路二段119號1樓,新北市新店區忠誠里7鄰北新路二段119號,121.542755,24.974934
40650,新北市中和區華順街117號,新北市中和區壽德里9鄰華順街117號,121.465344,24.996729
40651,新北市中和區民利街91號1樓,新北市中和區嘉穗里3鄰民利街91號,121.477982,24.997886
40652,新北市中和區中山路三段120之11號,新北市中和區員山里29鄰中山路三段120之11號,121.474490,25.008952
40653,新北市中和區中山路二段291號1樓,新北市中和區連和里17鄰中山路二段291號,121.496138,25.002219
40654,新北市中和區佳和里中山路二段132號、134號1樓,新北市中和區佳和里2鄰中山路二段132號,121.502329,25.003463
40655,新北市永和區永和路一段93號,新北市永和區協和里7鄰永和路一段93號,121.513519,25.007586
40656,新北市永和區中正路278號1樓,新北市永和區民治里2鄰中正路278號,121.516983,24.998797
40657,新北市中和區華新街202號,新北市中和區頂南里3鄰華新街202號,121.506686,24.981977
40658,基隆市安樂區安和一街124號,基隆市安樂區四維里16鄰安和一街124號,121.723713,25.125741
40659,基隆市七堵區百福里福二街204號1樓,基隆市七堵區百福里3鄰福二街204號,121.696220,25.083712
40660,新北市汐止區新台五路一段97號地下一層之6,新北市汐止區復興里14鄰新臺五路一段97號,121.648092,25.061620
40661,基隆市暖暖區暖暖街461號壹樓,基隆市暖暖區暖西里21鄰暖暖街461號,121.736932,25.092884
40662,新北市汐止區大同路三段269,新北市汐止區保新里2鄰大同路三段701之1號,121.675591,25.082557
40663,新北市金山區中山路252號,新北市金山區美田里10鄰中山路252號,121.635734,25.223946
40664,基隆市中山區中和路168巷2弄17號,基隆市中山區和慶里9鄰中和路168巷2弄17號,121.717144,25.149759
40665,基隆市信義區信一路148號,基隆市信義區仁壽里4鄰信一路148號,121.746837,25.129581
40666,基隆市仁愛區仁二路198號壹樓及地下室,基隆市仁愛區忠勇里1鄰仁二路198號,121.744916,25.128776
40667,宜蘭縣壯圍鄉壯五路278號1樓,宜蘭縣壯圍鄉吉祥村16鄰壯五路278號,121.785017,24.746779
40668,宜蘭縣宜蘭市延平路38之41號,宜蘭縣宜蘭市成功里11鄰延平路38之41號,121.766110,24.755741
40669,宜蘭縣羅東鎮四育路71號,宜蘭縣羅東鎮國華里23鄰四育路71號,121.759823,24.677961
40670,宜蘭縣壯圍鄉美功路一段168號,宜蘭縣壯圍鄉美城村2鄰美功路一段168號,121.783090,24.775300
40671,宜蘭縣五結鄉傳藝路二段156號一樓及停車場,宜蘭縣五結鄉福興村18鄰傳藝路二段156號,121.793830,24.680280
40672,花蓮縣花蓮市國聯五路59號,花蓮縣花蓮市國聯里26鄰國聯五路59號,121.605350,23.990677
40673,花蓮縣花蓮市中山路547-2號,花蓮縣花蓮市國魂里3鄰中山路547之2號,121.601635,23.986583
40674,花蓮縣花蓮市民國路121號,花蓮縣花蓮市國威里1鄰民國路121號,121.605870,23.979129
40675,花蓮縣花蓮市林森路191號1樓,花蓮縣花蓮市國風里16鄰林森路191號,121.600368,23.978245
40676,花蓮縣吉安鄉仁里村中正路1段153號,花蓮縣吉安鄉仁里村4鄰中正路一段153號,121.591914,23.965896
40677,新北市三重區中央南路51號1樓,新北市三重區福利里2鄰中央南路51號,121.501300,25.061682
40678,新北市新莊區福樂街30號1樓,新北市新莊區思源里18鄰福樂街30號,121.457922,25.045479
40679,新北市新莊區自強街2號,新北市新莊區自立里10鄰自強街2號,121.454841,25.045544
40680,新北市蘆洲區民族路74號1樓,新北市蘆洲區仁德里6鄰民族路74號,121.477532,25.084750
40681,新北市三重區三和路三段40號,新北市三重區三安里16鄰三和路三段40號,121.496069,25.070698
40682,新北市板橋區林園街2號,新北市板橋區光華里1鄰林園街2號,121.454171,25.009340
40683,新北市板橋區僑中一街124巷9弄1號,新北市板橋區華中里13鄰僑中一街124巷9弄1號,121.445871,25.012668
40684,新北市板橋區樂群路158號1樓,新北市板橋區福安里17鄰樂群路158號,121.445830,24.997017
40685,新北市板橋區大觀路二段265巷16號1樓,新北市板橋區福安里3鄰大觀路二段265巷16號,121.442761,24.998446
40686,新北市板橋區合宜路129號1樓,新北市板橋區中山里28鄰合宜路129號,121.447469,24.998282
40687,桃園市龜山區文德路76號1樓,桃園市龜山區樂善里28鄰文德路76號,121.381021,25.057036
40688,新北市樹林區武林街2號,新北市樹林區金寮里16鄰武林街2號,121.416411,25.000713
40689,新北市樹林區中華路291號,新北市樹林區中華里9鄰中華路291號,121.417042,24.980134
40690,新北市樹林區大安路501號1樓,新北市樹林區樹人里1鄰大安路501號,121.414227,24.986249
40691,桃園市桃園區莊敬路一段376號,桃園市桃園區莊敬里15鄰莊敬路一段376號,121.295315,25.023624
40692,桃園市中壢區福州二街526號1樓,桃園市中壢區仁義里23鄰福州二街526號,121.235163,24.968419
40693,桃園市平鎮區廣明路59號,桃園市平鎮區廣興里42鄰廣明路59號,121.213759,24.953247
40694,桃園市平鎮區民族路雙連二段120號旁,桃園市平鎮區雙連里19鄰民族路雙連二段120號,121.182969,24.959225
40695,桃園市平鎮區平東路571號1F,桃園市平鎮區建安里28鄰平東路571號,121.242591,24.912628
40696,桃園市平鎮區振興西路138號1樓,桃園市平鎮區新榮里29鄰振興西路138號,121.215425,24.945643
40697,桃園市楊梅區中山北路一段186號壹樓+地下室,桃園市楊梅區中山里17鄰中山北路一段186號,121.153662,24.908128
40698,雲林縣北港鎮華勝里文仁路143號一樓,雲林縣北港鎮華勝里27鄰文仁路143號,120.300824,23.578478
40699,嘉義縣大林鎮民生路2號B1樓,嘉義縣大林鎮平林里7鄰民生路2號,120.457449,23.596312
40700,嘉義縣大林鎮中興路二段82號及空地約190坪,嘉義縣大林鎮三和里10鄰中興路二段82號,120.468954,23.602803
40701,雲林縣麥寮鄉光復路34號,雲林縣麥寮鄉麥豐村11鄰光復路34號,120.256190,23.747714
40702,嘉義縣民雄鄉福樂村埤角106號,嘉義縣民雄鄉福樂村9鄰埤角106號,120.441183,23.525295
40703,雲林縣虎尾鎮光復路126號,雲林縣虎尾鎮平和里27鄰光復路126號,120.446499,23.709482
40704,雲林縣虎尾鎮忠孝路44號,雲林縣虎尾鎮西安里4鄰忠孝路44號,120.430362,23.705552
40705,雲林縣虎尾鎮復興路177號1&2樓,雲林縣虎尾鎮立仁里27鄰復興路177號,120.427733,23.707166
40706,雲林縣虎尾鎮民權路13號,雲林縣虎尾鎮新興里15鄰民權路13號,120.437002,23.708235
40707,雲林縣西螺鎮延平路191號,雲林縣西螺鎮光華里15鄰延平路191號,120.459097,23.800975
40708,嘉義市東區台林街99號,嘉義市東區仁義里9鄰臺林街99號,120.453987,23.494342
40709,嘉義市東區宣信街248號,嘉義市東區芳草里11鄰宣信街248號,120.460764,23.468339
40710,嘉義市西區南京路392號,嘉義市西區福民里14鄰南京路392號,120.436390,23.463760
40711,嘉義市東區保義路169號,嘉義市東區後湖里5鄰保義路169號,120.452940,23.503730
40712,嘉義縣太保市祥和三路東段212號一樓,嘉義縣太保市安仁里10鄰祥和三路東段212號,120.293993,23.454356
40713,台南市新營區民治路122號,臺南市新營區新北里12鄰民治路122號,120.309088,23.312898
40714,臺南市後壁區竹新里新厝72號,臺南市後壁區竹新里10鄰新厝72號,120.312353,23.339041
40715,台南市安定區保西里339之3號一樓,,120.2335827,23.1184985
40716,台南市安南區公學路六段615號,臺南市安南區學東里9鄰公學路六段615號,120.144595,23.078365
40717,台南市安南區國安街56巷75號,臺南市安南區海佃里8鄰國安街56巷75號,120.189682,23.024529
40718,台南市佳里區中山路155號,臺南市佳里區忠仁里4鄰中山路154號,120.177417,23.157575
40719,台南市永康區復國一路477號1樓,臺南市永康區復華里34鄰復國一路477號,120.244816,23.015108
40720,台南市新市區環西路一段3號B1FA店(原宿區),臺南市新市區豐華里5鄰環西路一段3號,120.277201,23.090330
40721,台南市新市區環西路一段3號,臺南市新市區豐華里5鄰環西路一段3號,120.277201,23.090330
40722,台南市永康區南台街36號1樓,臺南市永康區尚頂里23鄰南臺街36號,120.223429,23.022258
40723,台南市中西區永福路一段191號,臺南市中西區小西門里15鄰永福路一段191號,120.200151,22.988057
40724,台南市南區金華路一段484巷85號,臺南市南區府南里4鄰金華路一段484巷85號,120.192865,22.971940
40725,台南市北區北園街20號1樓及夾層,臺南市北區元寶里15鄰北園街20號,120.223242,23.010653
40726,台南市安平區永華路二段288號1樓與夾層,臺南市安平區建平里13鄰永華路二段288號,120.179602,22.990217
40727,台南市東區裕信路383號,臺南市東區裕聖里19鄰裕信路383號,120.245279,22.978111
40728,臺南市東區崇善路688號,臺南市東區崇文里31鄰崇善路688號,120.231568,22.967525
40729,台南市南區萬年五街268號1樓,臺南市南區興農里6鄰萬年五街268號,120.188652,22.932157
40730,台南市仁德區德安路1之1號,臺南市仁德區後壁里24鄰德安路1之1號,120.252872,22.952725
40731,台南市歸仁區後市里民族北街85號一樓,臺南市歸仁區後市里11鄰民族北街85號,120.292405,22.969536
40732,高雄市楠梓區大學南路1186號1樓,高雄市楠梓區中和里13鄰大學南路1186號,120.277863,22.729735
40733,高雄市楠梓區創新路890之1號,高雄市楠梓區清豐里17鄰創新路890之1號,120.331718,22.750088
40734,高雄市岡山區下竹圍東街167號,,120.3017505,22.7986646
40735,高雄市路竹區大仁路326號1樓,高雄市路竹區甲南里16鄰大仁路326號,120.270753,22.871150
40736,高雄市楠梓區藍昌路358號,高雄市楠梓區仁昌里25鄰藍昌路358號,120.291377,22.722904
40737,高雄市大樹區溪埔路4號,高雄市大樹區溪埔里1鄰溪埔路4號,120.443796,22.718696
40738,高雄市楠梓區興楠路354號1樓,高雄市楠梓區享平里14鄰興楠路354號,120.331783,22.729396
40739,高雄市大社區中山路350號,高雄市大社區翠屏里18鄰中山路350號,120.351170,22.731332
40740,高雄市鹽埕區新樂街238號,高雄市鹽埕區教仁里16鄰新樂街238號,120.280508,22.626408
40741,高雄市左營區立信路209號,高雄市左營區新下里21鄰立信路209號,120.304055,22.666907
40742,高雄市鼓山區鼓山二路43號壹樓,高雄市鼓山區光化里2鄰鼓山二路43號,120.282313,22.632701
40743,高雄市鼓山區翠華路396號一樓,高雄市鼓山區前峰里12鄰翠華路396號,120.284493,22.662894
40744,高雄市三民區鼎山街300號.302號1樓,高雄市三民區灣愛里27鄰鼎山街300號,120.321682,22.658280
40745,高雄市三民區寶國里義明街1號3號1樓,高雄市三民區寶國里23鄰義明街1號,120.339847,22.641884
40746,高雄市鼓山區龍德路106巷3之1號,高雄市鼓山區龍子里15鄰龍德路106巷3之1號,120.300129,22.654416
40747,高雄市苓雅區林森二路22號,高雄市苓雅區日中里7鄰林森二路22號,120.308341,22.616320
40748,高雄市苓雅區正大路79號;輔仁路229號,高雄市苓雅區正心里24鄰正大路79號,120.333930,22.632807
40749,高雄市前鎮區一心二路25號1樓,高雄市前鎮區西山里26鄰一心二路25號,120.311663,22.610624
40750,高雄市前鎮區鄭和南路420之1號,高雄市前鎮區竹南里29鄰鄭和南路420之1號,120.315087,22.606411
40751,高雄市鳥松區鳥松區大華里大埤路123號B1,,120.3506028,22.6493858
40752,高雄市鳳山區經武路316號,高雄市鳳山區鎮北里21鄰經武路316號,120.364718,22.639178
40753,高雄市鳳山區中山東路234巷53號,高雄市鳳山區鳳東里2鄰中山東路234巷51號,120.377140,22.625675
40754,高雄市鳳山區文衡路439、441號一樓,高雄市鳳山區文德里39鄰文衡路598之1號,120.346369,22.642102
40755,高雄市小港區中安路926號,高雄市小港區孔宅里9鄰中安路926號,120.368018,22.584720
40756,高雄市小港區廈莊一街168號,高雄市小港區廈莊里1鄰廈莊一街168號,120.361204,22.584564
40757,高雄市小港區漢民路501號1樓,高雄市小港區六苓里5鄰漢民路501號,120.358673,22.567053
40758,高雄市前鎮區鎮中路145號1樓,高雄市前鎮區平等里14鄰鎮中路145號,120.319689,22.586352
40759,屏東縣高樹鄉南興路141-5號,屏東縣高樹鄉高樹村14鄰南興路141之5號,120.601215,22.824432
40760,屏東縣屏東市武成街82-5號,屏東縣屏東市大武里34鄰武成街82之5號,120.476964,22.656157
40761,屏東縣屏東市公園路21號1樓,屏東縣屏東市公園里10鄰公園路21號,120.492241,22.673673
40762,屏東縣屏東市大同北路102號,屏東縣屏東市潭墘里15鄰大同北路102號,120.474959,22.681577
40763,屏東縣南州鄉勝利路5-10號1樓,屏東縣南州鄉壽元村10鄰勝利路5之10號,120.538141,22.491543
40764,屏東縣佳冬鄉佳和路103號一樓及其停車場(如圖),屏東縣佳冬鄉六根村21鄰佳和路103號,120.548579,22.414959
40765,屏東縣恆春鎮中正路128號,屏東縣恆春鎮城北里6鄰中正路128號,120.744294,22.004228
40766,屏東縣萬巒鄉民和路5號一樓、二樓部份,屏東縣萬巒鄉萬巒村3鄰民和路5號,120.568855,22.574430
40767,屏東縣內埔鄉老埤村壽比路742號,屏東縣內埔鄉老埤村24鄰壽比路742號,120.595588,22.640498
40768,台東縣台東市豐樂里正氣北路526號一樓,臺東縣臺東市豐樂里9鄰正氣北路526號,121.131352,22.755244
40769,臺東縣臺東市文昌路2號壹樓,臺東縣臺東市岩灣里9鄰文昌路2號,121.127053,22.790870
40770,台東市岩灣路101巷598號,臺東縣臺東市岩灣里10鄰岩灣路101巷598號,121.122842,22.792870
40771,台東縣台東市中興路一段211號,臺東縣臺東市新生里17鄰中興路一段211號,121.142011,22.767862
40772,新竹市東區建功一路99號1樓,新竹市東區武功里11鄰建功一路99號,120.994771,24.802191
40773,新竹縣湖口鄉工業一路36號1樓,新竹縣湖口鄉勝利村9鄰工業一路36號,121.026614,24.869368
40774,新竹縣竹北市莊敬南路105號1樓部份範圍,新竹縣竹北市鹿場里16鄰莊敬南路105號,121.020405,24.816624
40775,新竹縣竹東鎮長春路三段165號一、二樓,新竹縣竹東鎮忠孝里15鄰長春路三段165號,121.083651,24.743255
40776,新竹市東區光復路一段603號1樓,新竹市東區科園里4鄰光復路一段603號,121.011396,24.785986
40777,新竹縣竹東鎮員崠里東峰路162號1樓,新竹縣竹東鎮員崠里17鄰東峰路162號,121.096340,24.717942
40778,新竹縣竹東鎮中正路1號,新竹縣竹東鎮中正里10鄰中正路1號,121.091931,24.729690
40779,新竹縣竹北市中華路2-51號,新竹縣竹北市新崙里4鄰中華路2之51號,120.998126,24.826764
40780,新竹縣竹北市莊敬七街122號,新竹縣竹北市北興里37鄰莊敬七街122號,121.031344,24.825704
40781,新竹市東區中華路三段8號1、2樓,新竹市東區前溪里10鄰中華路一段8號,120.995249,24.819303
40782,新竹市東區三民里民族路139號一樓,新竹市東區三民里7鄰民族路139號,120.978393,24.808752
40783,新竹市東區明湖路1255號1樓,新竹市東區明湖里4鄰明湖路1255號,120.979823,24.767600
40784,苗栗縣竹南鎮永貞路二段149號,苗栗縣竹南鎮新南里18鄰永貞路二段149號,120.885282,24.690462
40785,苗栗縣頭份市田寮里10鄰自強路2段628號,苗栗縣頭份市田寮里10鄰自強路二段628號,120.882223,24.682565
40786,苗栗縣南庄鄉南江村5鄰東江89號1樓,苗栗縣南庄鄉南江村5鄰東江89號,121.001272,24.595405
40787,新竹市香山區大庄路17號,新竹市香山區香山里20鄰大庄路17號,120.928434,24.789017
40788,新竹市北區延平路一段388號1樓,新竹市北區南勢里6鄰延平路一段388號,120.949151,24.805163
40789,新竹市北區西大路527號,新竹市北區民富里1鄰西大路527之1號,120.962042,24.806505
40790,新竹市北區武陵路268號1樓,新竹市北區湳雅里6鄰武陵路268號,120.970454,24.822469
40791,苗栗縣通霄鎮中正路80號,苗栗縣通霄鎮通西里26鄰中正路80號,120.679534,24.490752
40792,金門縣金湖鎮伯玉路3段379號1樓,金門縣金湖鎮瓊林里23鄰伯玉路三段379號,118.376220,24.446484
40793,苗栗縣苗栗市民族路132號1樓,苗栗縣苗栗市福麗里37鄰民族路132號,120.816072,24.564007
40794,台中市和平區東關路一段127-5號,臺中市和平區博愛里2鄰東關路一段126號,121.005247,24.203291
40795,台中市新社區新社里興社街四段26之1號一樓,臺中市新社區新社里3鄰興社街四段26之1號,120.808548,24.241520
40796,苗栗縣卓蘭鎮豐田里豐田30-2號2樓,苗栗縣卓蘭鎮豐田里12鄰豐田30之2號,120.823926,24.323399
40797,台中市豐原區水源路17號,臺中市豐原區南嵩里4鄰水源路17號,120.745020,24.255261
40798,台中市豐原區豐陽路109號,臺中市豐原區中陽里1鄰豐陽路108號,120.723409,24.251657
40799,台中市梧棲區民生街61號一樓,臺中市梧棲區安仁里2鄰民生街61號,120.529875,24.253803
40800,苗栗縣苑裡鎮世界路2段268號,苗栗縣苑裡鎮中正里12鄰世界路二段268號,120.661990,24.430675
40801,台中市大雅區六寶里中清路4段581號,臺中市大雅區六寶里11鄰中清路四段581號,120.636148,24.234760
40802,台中市西屯區西屯路二段126-13號126-15號,臺中市西屯區何仁里34鄰西屯路二段126之13號,120.651462,24.166899
40803,台中市豐原區田心里豐南街133號133之1號一樓,臺中市豐原區田心里6鄰豐南街133號,120.715463,24.239412
40804,台中市潭子區興華一路261號,臺中市潭子區甘蔗里2鄰興華一路261號,120.703263,24.209806
40805,台中市北區太平路66號1樓,臺中市北區錦平里1鄰太平路66號,120.682672,24.148712
40806,台中市西屯區福和里中工三路214之1號、之2號1樓,臺中市西屯區福和里5鄰中工三路214之1號,120.617472,24.175633
40807,台中市西屯區四川一街26號,臺中市西屯區何安里35鄰四川一街26號,120.651385,24.163665
40808,台中市西屯區大墩19街18號、20號、22號1樓,找不到指定的門牌地址。,120.6529201,24.1567252
40809,台中市北屯區仁美里昌平東二路179號1樓,臺中市北屯區仁美里18鄰昌平東二路179號,120.687361,24.188420
40810,台中市北屯區松竹路二段366-1號,臺中市北屯區松強里9鄰松竹路二段366之1號,120.689956,24.182362
40811,台中市北屯區松義街160號、162號,臺中市北屯區松勇里12鄰松義街160號,120.698375,24.184321
40812,台中市北屯區東山路一段196之1號,臺中市北屯區水景里21鄰東山路一段196之3號,120.711620,24.172128
40813,台中市南屯區龍富路四段2號1樓,臺中市南屯區新生里9鄰龍富路四段2號,120.626020,24.140770
40814,台中市北區英才路266號,臺中市北區中達里20鄰英才路266號,120.671901,24.155916
40815,台中市南區美村路二段16號、18號1樓,臺中市南區西川里13鄰美村路二段16號,120.661675,24.130849
40816,台中市南屯區惠中路三段46號、48號、50號,臺中市南屯區三厝里25鄰惠中路三段46號,120.640384,24.148613
40817,台中市東區大振街31號,臺中市東區東橋里16鄰大振街31號,120.691847,24.129383
40818,台中市南屯區嶺東路730號,臺中市南屯區文山里11鄰嶺東路730號,120.611884,24.148534
40819,台中市南屯區永春路37號,臺中市南屯區春社里3鄰永春路37號,120.613200,24.138959
40820,台中市西屯區環中路三段930、932、936號,臺中市西屯區龍潭里5鄰環中路三段1150之6號,120.624073,24.155210
40821,台中市中區台灣大道1段1號1樓A03櫃位,臺中市中區綠川里3鄰臺灣大道一段1號,120.685163,24.136927
40822,台中市烏日區信義街157號,臺中市烏日區仁德里13鄰信義街157號,120.639128,24.104599
40823,台中市南屯區溝墘里大業路271號一樓,臺中市南屯區溝墘里9鄰大業路271號,120.648568,24.153399
40824,台中市南屯區大墩路161號,臺中市南屯區同心里14鄰大墩路161號,120.649653,24.140834
40825,台中市南區高工路92號,臺中市南區工學里11鄰高工路92號,120.659077,24.113047
40826,台中市太平區育賢路348號,臺中市太平區新高里22鄰育賢路348號,120.715075,24.158760
40827,台中市西屯區工業區一路70號,臺中市西屯區福恩里17鄰工業區一路70號,120.614198,24.177396
40828,台中市烏日區學田路719號,臺中市烏日區學田里1鄰學田路719號,120.607220,24.126660
40829,南投縣南投市復興路121號,南投縣南投市崇文里13鄰復興路130之1號,120.687631,23.905809
40830,南投縣草屯鎮正興街78號,南投縣草屯鎮山腳里28鄰正興街78號,120.682171,23.960539
40831,台中市霧峰區草湖路49號,臺中市霧峰區本鄉里14鄰草湖路49號,120.697759,24.068608
40832,台中市烏日區公園路306號,臺中市烏日區烏日里20鄰公園路306號,120.624111,24.102830
40833,南投縣埔里鎮中正路534號,南投縣埔里鎮西門里11鄰中正路534號,120.964555,23.968907
40834,南投縣仁愛鄉仁和路224號,南投縣仁愛鄉大同村20鄰仁和路224號,121.167767,24.067036
40835,南投縣魚池鄉魚池村魚池街322號1、2樓,南投縣魚池鄉魚池村16鄰魚池街322號,120.938137,23.896643
40836,南投縣埔里鎮中華路170號1樓,南投縣埔里鎮泰安里16鄰中華路170號,120.974299,23.968064
40837,南投縣埔里鎮鐵山路1-2號,南投縣埔里鎮愛蘭里1鄰鐵山路1之6號,120.945764,23.972011
40838,彰化縣彰化市忠權里自強南路61號一樓,彰化縣彰化市忠權里7鄰自強南路61號,120.535666,24.087050
40839,台中市大肚區大明三街152號,臺中市大肚區頂街里43鄰大明三街147號,120.540781,24.154087
40840,台中市龍井區中央路二段273號,臺中市龍井區三德里1鄰中央路二段272號,120.524699,24.210685
40841,台中市龍井區中沙路新庄仔巷1之58號,臺中市龍井區新庄里11鄰中沙路新庄仔巷1之59號,120.575446,24.180744
40842,彰化縣鹿港鎮鹿和路3段423號,彰化縣鹿港鎮廖厝里1鄰鹿和路三段423號,120.475793,24.083197
40843,彰化縣田中鎮斗中路一段232號,彰化縣田中鎮西路里21鄰斗中路一段232號,120.579927,23.861682
40844,彰化縣大城鄉大城村中平路8號,彰化縣大城鄉大城村3鄰中平路8號,120.321512,23.855827
40845,台中市梧棲區文華街201號,臺中市梧棲區大村里7鄰文華街201號,120.541813,24.246117
40846,台北市中正區市民大道三段2號6樓,臺北市中正區梅花里14鄰市民大道三段2號,121.531021,25.045632
40847,台北市萬華區西寧南路123號,臺北市萬華區萬壽里3鄰西寧南路123號,121.506569,25.044574
40848,新北市淡水區學府路28號5樓,新北市淡水區鄧公里2鄰學府路28號,121.447737,25.168438
40849,台北市信義路二段28號2樓,臺北市大安區光明里7鄰信義路二段28號,121.525334,25.034745
40850,台北市中山區敬業三路123號 1樓,臺北市中山區成功里21鄰敬業三路123號,121.555539,25.081795
40851,高雄市三民區建國2路27號之1 號,,120.3107127,22.6372096
40852,嘉義市西區文化里中央第2商場37號,嘉義市西區文化里11鄰中央第二商場37號,120.449470,23.478510
40853,高雄市三民區建工路405號,高雄市三民區寶珠里3鄰建工路405號,120.329295,22.652059
40854,台北市內湖區舊宗路一段188號,臺北市內湖區湖元里18鄰舊宗路一段188號,121.575989,25.062653
40855,台北市士林區德行西路47號2樓,臺北市士林區蘭興里17鄰德行西路47號,121.522553,25.105547
40856,高雄市左營區文學路33號1樓,高雄市左營區菜公里29鄰文學路33號,120.309734,22.685651
40857,桃園市桃園區中華路31號1樓,桃園市桃園區文化里7鄰中華路31號,121.311169,24.990912
40858,台北市大安區文昌街212號,臺北市大安區通化里6鄰文昌街212號,121.554823,25.032326
40859,新竹縣新豐鄉學府路130號,,120.9942484,24.8713935
40860,桃園市桃園區北埔路36號2樓,桃園市桃園區東埔里23鄰北埔路36號,121.307503,25.003634
40861,新竹市北區湳雅街97號2樓,新竹市北區湳雅里11鄰湳雅街97號,120.970935,24.818498
40862,高雄市前金區自強二路75號2樓,高雄市前金區社東里6鄰自強二路75號,120.295511,22.624262
40863,台北市南港區南港路二段20巷5號B1,臺北市南港區東明里16鄰南港路二段20巷5號,121.605577,25.054442
40864,高雄市鳳山區北昌路42號1樓,高雄市鳳山區鎮北里13鄰北昌路42號,120.372632,22.645769
40865,新北市板橋區南雅東路20-11號,新北市板橋區新興里16鄰南雅東路20之6號,121.454830,25.006375
40866,台中市北屯區瀋陽路3段273號,臺中市北屯區平田里8鄰瀋陽路三段273號,120.693083,24.172647
40867,高雄市鳳山區國泰路2段50巷31號,高雄市鳳山區國光里4鄰國泰路二段50巷31號,120.350724,22.618891
40868,桃園市中壢區中正路389號1樓133室,桃園市中壢區舊明里22鄰中正路389號,121.215542,24.955428
40869,高雄市左營區博愛二路777號6樓,高雄市左營區新下里29鄰博愛二路777號,120.303118,22.670155
40870,南投縣埔里鎮中華路205號1樓,南投縣埔里鎮北安里4鄰中華路205號,120.972860,23.969895
40871,桃園市平鎮區南東路57-1號2樓,桃園市平鎮區南勢里5鄰南東路57之1號,121.212984,24.920873
40872,新竹縣竹北市莊敬北路18號3樓,新竹縣竹北市十興里1鄰莊敬北路18號,121.023259,24.822609
40873,高雄市前鎮區中安路1-1號大道東3樓,高雄市前鎮區明正里28鄰中安路1之1號,120.329271,22.581541
40874,高雄市前鎮區中華五路789號8樓,高雄市前鎮區興邦里12鄰中華五路789號,120.308190,22.595526
40875,屏東縣屏東市仁愛路90號4樓,屏東縣屏東市公園里2鄰仁愛路90號,120.493331,22.673382
40876,台南市東區中華東路一段366號5樓,臺南市東區東光里1鄰中華東路一段366號,120.233334,22.990772
40877,桃園市中壢區春德路107號2樓,桃園市中壢區青埔里2鄰春德路107號,121.213542,25.016691
40878,台北市信義區松高路12號5樓,臺北市信義區西村里8鄰松高路12號,121.566800,25.038813
40879,桃園市桃園區復興路99號1樓,桃園市桃園區武陵里12鄰復興路99號,121.313706,24.990593
40880,南投縣埔里鎮中華路205號1樓,南投縣埔里鎮北安里4鄰中華路205號,120.972860,23.969895
40881,桃園市平鎮區南東路57-1號2樓,桃園市平鎮區南勢里5鄰南東路57之1號,121.212984,24.920873
40882,台南市歸仁區歸仁大道101號3樓,臺南市歸仁區武東里10鄰歸仁大道101號,120.287133,22.925183
40883,花蓮縣新城鄉嘉里路15號1樓,花蓮縣新城鄉嘉里村1鄰嘉里路15號,121.610271,24.015362
40884,新北市新莊區昌隆街83號,新北市新莊區信義里25鄰昌隆街83號,121.457393,25.051282
40885,台中市北區錦新街46號,臺中市北區新北里18鄰錦新街46號,120.687332,24.152999
40886,新竹縣竹北市莊敬三路88號,新竹縣竹北市十興里19鄰莊敬三路88號,121.025629,24.823308
40887,新竹縣竹北市文興路一段198號,新竹縣竹北市東平里6鄰文興路一段198號,121.027899,24.810596
40889,新北市淡水區中山北路二段171號3F,新北市淡水區崁頂里1鄰中山北路二段171號,121.444137,25.184585
40890,新北市樹林區博愛一街20號,新北市樹林區樹東里7鄰博愛一街20號,121.425445,24.990949
40891,台北市萬華區西寧南路70號4樓之3,臺北市萬華區西門里5鄰西寧南路70號,121.506047,25.043486
40892,台北市中正區八德路一段92號,臺北市中正區梅花里15鄰八德路一段92號,121.532132,25.044076
40893,台南市佳里區和平街95號,臺南市佳里區東寧里2鄰和平街95號,120.177531,23.162357
40894,高雄市梓官區梓官路259號2樓,高雄市梓官區梓義里4鄰梓官路259號,120.266971,22.760331
40895,高雄市前金區榮安街33號,高雄市前金區東金里1鄰榮安街33號,120.293953,22.630993
40896,高雄市鳳山區文化路47號,高雄市鳳山區文華里24鄰文化路47號,120.356385,22.633524
40897,高雄市岡山區石潭路260號,高雄市岡山區石潭里1鄰石潭路260號,120.268995,22.774986
40898,台中市西屯區西安街187號1樓,臺中市西屯區西平里10鄰西安街187號,120.645404,24.181988
40899,台中市西區公益路119號1樓,臺中市西區民龍里21鄰公益路119號,120.665684,24.150679
40900,台中市南屯區南屯路2段130號,臺中市南屯區大興里6鄰南屯路二段130號,120.651992,24.136199
40901,南投縣草屯鎮碧山路150號,南投縣草屯鎮和平里4鄰碧山路150號,120.683207,23.978104
40902,台中市北區一中街8號,臺中市北區新興里3鄰一中街8號,120.684030,24.146650
40903,台中市西區五權路36-2號,臺中市西區安龍里14鄰五權路36之2號,120.669815,24.143726
40904,台北市萬華區西寧南路70號四樓 14室15室,臺北市萬華區西門里5鄰西寧南路70號,121.506047,25.043486
40905,新北市新莊區新泰路11號,新北市新莊區文衡里4鄰新泰路11號,121.449646,25.032571
40906,台北市士林區中山北路七段24號B1,臺北市士林區天山里10鄰中山北路七段24號,121.530970,25.119395
40907,桃園縣龜山鄉南上路520巷33弄10號,桃園市龜山區大坑里18鄰南上路520巷33弄10號,121.308064,25.043789
40908,桃園市中壢區新明路123號1樓,桃園市中壢區光明里20鄰新明路123號,121.215035,24.960509
40909,桃園市中壢區九和一街5號,桃園市中壢區興南里23鄰九和一街5號,121.223513,24.961822
40910,新北市永和區永平路197號,新北市永和區保安里1鄰永平路197號,121.509615,25.009888
40911,台北市忠孝東路4段553 巷22弄55-1號,臺北市信義區新仁里8鄰忠孝東路四段553巷22弄55之1號,121.563579,25.043320
40913,彰化縣彰化市民生路205號,彰化縣彰化市光華里1鄰民生路205號,120.542720,24.079404
40914,彰化縣員林市光明南街164號,彰化縣員林市惠來里21鄰光明南街164號,120.572783,23.953271
40915,台中市北屯區太和六街129號,臺中市北屯區廍子里16鄰太和六街129號,120.723133,24.167472
40916,台中市潭子區圓通南路211號,臺中市潭子區潭陽里21鄰圓通南路211號,120.704012,24.207076
40917,苗栗縣竹南鎮迎薰路63號,苗栗縣竹南鎮中港里9鄰迎薰路63號,120.866125,24.681919
40918,新竹縣竹東鎮大同路89號,新竹縣竹東鎮榮樂里8鄰大同路89號,121.089294,24.739004
40919,新竹縣新豐鄉學府路130號1樓娃娃機後面,,120.9942558,24.8713889
40920,新竹縣竹北市勝利五路112號,新竹縣竹北市十興里31鄰勝利五路112號,121.027354,24.823627
40921,新竹市北區西門街191號,新竹市北區興南里9鄰西門街191號,120.961910,24.800453
40922,台北市西寧南路70號3樓之1B,臺北市萬華區西門里5鄰西寧南路70號,121.506047,25.043486
40923,桃園市民生路168號,桃園市大園區內海里8鄰民生路168號,121.183914,25.081620
40925,台中市潭子區圓通南路194巷2號、台中市北屯區天津路4段315號,臺中市潭子區甘蔗里20鄰圓通南路312號,120.701931,24.207346
40926,台中市北區梅亭街17號,臺中市北區金龍里17鄰梅亭街17號,120.690825,24.160057
40927,台中市西屯區青海路一段137號,臺中市西屯區何安里18鄰青海路一段137號,120.652773,24.165317
40928,高雄市苓雅區四維二路6號,高雄市苓雅區同慶里16鄰四維二路6號,120.323590,22.623968
40930,新北市汐止區新台五路一段99號3樓,新北市汐止區復興里14鄰新臺五路一段99號,121.648248,25.061620
40931,新竹縣竹北市莊敬北路110號,新竹縣竹北市十興里5鄰莊敬北路110號,121.024803,24.825348
40933,台南市中西區公園路93號,臺南市中西區赤嵌里4鄰公園路93號,120.205757,22.995985
40934,嘉義市東區延平街214號1樓,嘉義市東區過溝里16鄰延平街214號,120.450790,23.476880
40935,台南市東區北門路1段68號1樓,臺南市東區東門里1鄰北門路一段68號,120.211687,22.990902
40936,高雄市三民區建國二路171.173號1樓,高雄市三民區長明里4鄰建國二路326號,120.302109,22.638328
40938,嘉義市東區彌陀路176號1樓左,嘉義市東區短竹里9鄰彌陀路176號,120.463930,23.472329
40939,彰化縣鹿港鎮三民路15號1樓,彰化縣鹿港鎮泰興里19鄰三民路15號,120.438576,24.051285
40940,新竹市忠孝路434巷11號1樓,新竹市東區東園里5鄰忠孝路434巷11號,120.982845,24.802986
40941,新竹市光華街59巷9號1樓,新竹市北區光華里2鄰光華街59巷9號,120.971654,24.815905
40942,台北市市民大道一段100號87室,臺北市中正區黎明里3鄰市民大道一段100號,121.517480,25.048445
40943,台北市太原路100號1樓,臺北市大同區建功里12鄰太原路100號,121.515702,25.052496
40944,台北市中正區市民大道一段100號B1-51店,臺北市中正區黎明里3鄰市民大道一段100號,121.517480,25.048445
40945,台南市中西區青年路121號,臺南市中西區城隍里15鄰青年路121號,120.208633,22.992127
40946,南投縣草屯鎮碧山路150號,南投縣草屯鎮和平里4鄰碧山路150號,120.683207,23.978104
40947,桃園市中壢區新明路123號,桃園市中壢區光明里20鄰新明路123號,121.215035,24.960509
40948,台北市市民大道一段100號B1-79櫃,臺北市中正區黎明里3鄰市民大道一段100號,121.517480,25.048445
40949,台中市西屯區台灣大道三段301號6樓,臺中市西屯區惠來里13鄰臺灣大道三段301號,120.643224,24.164663
40950,台北市中正區市民大道三段二號6樓,臺北市中正區梅花里14鄰市民大道三段2號,121.531021,25.045632
40951,台北市中山區敬業三路22號4樓,臺北市中山區金泰里14鄰敬業三路22號,121.557967,25.082820
40952,桃園市中壢區實踐路81 號,桃園市中壢區普仁里24鄰實踐路81號,121.241440,24.954667
40953,台北市內湖區康寧路3段74號2F,臺北市內湖區南湖里5鄰康寧路三段74號,121.611453,25.070060
40954,高雄市左營區博愛二路777號6樓,高雄市左營區新下里29鄰博愛二路777號,120.303118,22.670155
40955,台南市台南市中西區中山路166號5樓,,120.2078749,22.9956018
40956,嘉義市西區文化路299號,嘉義市西區國華里10鄰文化路299號,120.448044,23.485205
40957,新北市中和區中山路3段122號3 樓,新北市中和區員山里22鄰中山路三段122號,121.475689,25.006077
40958,台中市北屯區文心路四段225號,臺中市北屯區平和里13鄰文心路四段225號,120.677484,24.173552
40959,嘉義市東區忠孝路576.578 號,嘉義市東區荖藤里12鄰忠孝路830號,120.441924,23.518007
40960,宜蘭縣羅東鎮興東路242-1及244號,宜蘭縣羅東鎮信義里12鄰興東路244號,121.770223,24.683055
40961,台北市中山區南京西路12號6樓,臺北市中山區民安里9鄰南京西路12號,121.521244,25.052326
40962,桃園市桃園區春日路618-1號B1樓(JC PARK裡面),桃園市桃園區大業里6鄰春日路618之1號,121.311663,25.008731
40963,台北市信義區松高路11號5 樓,臺北市信義區興雅里2鄰松高路11號,121.565242,25.039515
40964,高雄市三民區澄清路339號1樓,高雄市三民區寶華里16鄰澄清路339號,120.344604,22.637839
40965,桃園市中壢區高鐵南路二段352號4樓(桃園環球A19內),桃園市中壢區芝芭里13鄰高鐵南路二段352號,121.202935,25.002445
40966,花蓮縣花蓮市和平路449號,花蓮縣花蓮市主力里10鄰和平路449號,121.601924,23.975688
40968,台北市中山區南京西路12號6F,臺北市中山區民安里9鄰南京西路12號,121.521244,25.052326
40969,新竹市中央路229號5樓,新竹市東區復中里7鄰中央路229號,120.974931,24.809666
40970,屏東市仁愛路 90號4F,屏東縣屏東市公園里2鄰仁愛路90號,120.493331,22.673382
40971,台北市中山區敬業三路123號1樓,臺北市中山區成功里21鄰敬業三路123號,121.555539,25.081795
40972,台北市中山區敬業三路20號4樓(本館),臺北市中山區金泰里14鄰敬業三路20號,121.556712,25.082926
40973,台北市信義區松仁路58號5樓,臺北市信義區西村里8鄰松仁路58號,121.567967,25.036732
40974,新北市樹林區保安里樹新路40-6號4樓,新北市樹林區保安里4鄰樹新路40之6號,121.427952,24.995486
40975,新北市新莊區新北大道四段3號5樓,新北市新莊區中原里1鄰新北大道四段3號,121.449451,25.059944
40976,台中市北區三民路三段161號B棟7F,臺中市北區新北里3鄰三民路三段166之10號,120.685433,24.152052
40977,台中市西屯區台灣大道3段301號 6F,臺中市西屯區惠來里13鄰臺灣大道三段301號,120.643224,24.164663
40978,台北市大安區忠孝東路四段45號10F,臺北市大安區光武里27鄰忠孝東路四段45號,121.544883,25.041902
40979,台中市西屯區台灣大道3段251號 5F,臺中市西屯區惠來里13鄰臺灣大道三段251號,120.644576,24.164670
40980,高雄市鼓山區大順一路115號5樓(A528),高雄市鼓山區龍子里7鄰大順一路115號,120.306597,22.656568
40981,桃園縣中壢市中園路2段501號2樓,桃園市中壢區內定里13鄰中園路二段501號,121.228735,25.000651
40982,高雄市苓雅區三多四路21號6樓,高雄市苓雅區意誠里7鄰三多四路21號,120.303949,22.612841
40983,台南市中西區西門路一段658號3F,臺南市中西區小西門里15鄰西門路一段658號,120.198867,22.986730
40986,新北市新莊區新北大道四段3號3樓,新北市新莊區中原里1鄰新北大道四段3號,121.449451,25.059944
40987,高雄市鼓山區大順一路115號5樓(A529),高雄市鼓山區龍子里7鄰大順一路115號,120.306597,22.656568
40988,台中市東區南京路76號1樓,臺中市東區干城里12鄰南京路76號,120.689779,24.140416
40989,高雄市左營區博愛二路777號B1,高雄市左營區新下里29鄰博愛二路777號,120.303118,22.670155
